-- phpMyAdmin SQL Dump
-- version 4.7.4
-- https://www.phpmyadmin.net/
--
-- Host: 127.0.0.1
-- Generation Time: May 05, 2018 at 10:53 AM
-- Server version: 10.1.30-MariaDB
-- PHP Version: 7.2.1

SET SQL_MODE = "NO_AUTO_VALUE_ON_ZERO";
SET AUTOCOMMIT = 0;
START TRANSACTION;
SET time_zone = "+00:00";


/*!40101 SET @OLD_CHARACTER_SET_CLIENT=@@CHARACTER_SET_CLIENT */;
/*!40101 SET @OLD_CHARACTER_SET_RESULTS=@@CHARACTER_SET_RESULTS */;
/*!40101 SET @OLD_COLLATION_CONNECTION=@@COLLATION_CONNECTION */;
/*!40101 SET NAMES utf8mb4 */;

--
-- Database: `webphp17`
--

-- --------------------------------------------------------

--
-- Table structure for table `admin`
--

CREATE TABLE `admin` (
  `id_admin` int(11) NOT NULL,
  `username` varchar(50) COLLATE utf8_unicode_ci DEFAULT NULL,
  `password` varchar(50) COLLATE utf8_unicode_ci DEFAULT NULL,
  `name` varchar(50) COLLATE utf8_unicode_ci DEFAULT NULL
) ENGINE=InnoDB DEFAULT CHARSET=utf8 COLLATE=utf8_unicode_ci;

--
-- Dumping data for table `admin`
--

INSERT INTO `admin` (`id_admin`, `username`, `password`, `name`) VALUES
(1, 'admin1', 'e10adc3949ba59abbe56e057f20f883e', 'Đào Duy Hòa');

-- --------------------------------------------------------

--
-- Table structure for table `book`
--

CREATE TABLE `book` (
  `id_book` int(11) NOT NULL,
  `name` varchar(200) COLLATE utf8_unicode_ci DEFAULT NULL,
  `author` varchar(50) COLLATE utf8_unicode_ci DEFAULT NULL,
  `publish_year` varchar(20) COLLATE utf8_unicode_ci DEFAULT NULL,
  `price` double DEFAULT NULL,
  `link_image` varchar(50) COLLATE utf8_unicode_ci DEFAULT NULL,
  `description` text COLLATE utf8_unicode_ci,
  `id_type` char(5) COLLATE utf8_unicode_ci DEFAULT NULL
) ENGINE=InnoDB DEFAULT CHARSET=utf8 COLLATE=utf8_unicode_ci;

--
-- Dumping data for table `book`
--

INSERT INTO `book` (`id_book`, `name`, `author`, `publish_year`, `price`, `link_image`, `description`, `id_type`) VALUES
(1, 'Phương Pháp Tiếp Cận Khách Hàng Thành Công (Tái Bản 2017)', 'Mike Weinberg', '    2017', 79, 'book1.jpg', '  																							  																						Phương pháp tiếp cận khách hàng thành công&nbsp;là một cuốn sách về những nguyên tắc cơ bản, với những chiến lược thực tế sẽ đem lại kết quả bán hàng cho bạn. Quan trọng nhất, đây là cuốn sách dành cho những người có can đảm hành động, tiếp cận khách hàng để có được thương vụ mới. Và những người dũng cảm theo đuổi phương pháp mới đầy sáng tạo sẽ chiến thắng!Bạn có thể đem lại những lợi ích khổng lồ cho doanh nghiệp, khách hàng và chính bản thân bạn bằng cách trở nên thành thạo trong việc mang lại các thương vụ mới. Các bạn hãy đón nhận những ý tưởng đơn giản, thực tế trong cuốn sách này.Cuốn sách không nhiều lý thuyết. Nó là một hướng dẫn thiên về thực tiễn cho các nhân viên, quản lý, giám đốc bán hàng. Nó cũng là tập hợp những tài liệu thực tế cho bất kỳ ai đang cố gắng cạnh tranh và giành chiến thắng trên thị trường khắc nghiệt.Phương pháp tiếp cận khách hàng thành công&nbsp;sẽ giúp bạn chọn đúng các mục tiêu. Và bạn sẽ học được cách xây dựng kế hoạch theo đuổi các mục tiêu ấy mà không đầu hàng quá sớm. Bạn sẽ học được cách sử dụng tất cả các vũ khí của mình, cụ thể là các câu chuyện bán hàng, bạn cũng sẽ học được cách lên kế hoạch bán hàng của riêng mình và thực hiện nó một cách hoàn hảo. Nếu bạn là người quản lý bán hàng, cuốn sách này sẽ cung cấp cho bạn những công cụ cần thiết để hướng dẫn nhóm của mình đi đến thành công.Tác giả Mike Weinberg là một người bán hàng hàng đầu – “một tay săn khách hàng”, một nhân viên kinh doanh và đồng thời là sáng lập viên, chủ tịch của The New Sales Coach. Ông tham gia làm diễn giả, nhà tư vấn và hướng dẫn về những chiến lược phát triển thương vụ kinh doanh, tìm kiếm khách hàng mới, tiềm năng.Mời bạn đón đọc.\r\n</p>                                                  										', 'kt'),
(2, '11 Lời Khuyên Dành Cho Thế Hệ Trẻ Của Bill Gates (Tái Bản 2018)', 'Nguyễn Gia Linh', '    03/2018', 36, 'book2.jpg', '  																							  																						Đi lên từ bàn tay trắng, năm 20 tuổi, Bill Gates bắt đầu sự nghiệp của mình trong ngành công nghệ phần mềm. Năm 31 tuổi ông trở thành tỷ phú trẻ nhất trong lịch sử; năm 37 tuổi trở thành người giàu nhất nước Mỹ, đồng thời nhận được giải thưởng khoa học kỹ thuật quốc gia; năm 39 tuổi trở thành người giàu nhất thế giới. Sau khi có mặt trên thị trường cổ phiếu, Microsoft đã trở thành công ty có giá trị cao nhất trên thị trường toàn cầu; lợi nhuận thu được mỗi năm vượt qua tổng số lợi nhuận của 49 công ty phần mềm trong số 50 công ty phần mềm trên thế giới. Bill Gates đã khiến mọi người trên thế giới, đặc biệt là tầng lớp thanh thiếu niên, kính nể và ngưỡng mộ. Bill Gates có thể thu hút được sự quan tâm của mọi người như vậy, nguyên nhân không chỉ nằm ở số tài sản của ông.11 lời khuyên dành cho thế hệ trẻ của Bill Gates&nbsp;là những bài học kinh nghiệm được Bill Gates đúc kết từ những kinh nghiệm của chính bản thân. Ông chỉ ra cho những bạn trẻ cách để tự hoàn thiện bản thân, để đối mặt với cuộc sống, để trở thành người thành đạt trong cuộc sống. Từ những bài học đó, họ sẽ tìm ra con đường đi vững chắc cho riêng mình, vượt qua những khó khăn trở ngại để từng bước tiến đến thành công.Mời bạn đón đọc.</p>                                                  										', 'kt'),
(3, 'Nghệ Thuật Giữ Chân Nhân Viên Giỏi (Tái Bản 2017)', 'J. Leslie Mckeown', '    12/2017', 111, 'book3.jpg', '  																							  																						Nền kinh tế thế giới đang ở giai đoạn toàn cầu hoá sôi động nhất. Các doanh nghiệp phải cạnh tranh trên nhiều phương diện, đặc biệt là về nguồn lực con người. Hơn lúc nào hết, nhân sự - yếu tố then chốt cho sự thành bại của doanh nghiệp - trở thành một nguồn lực khan hiếm, đắt đỏ.Tại Việt Nam, cùng với quá trình hội nhập quốc tế là sự xuất hiện của nhiều tập đoàn và công ty nước ngoài, khiến thị trường lao động tăng vọt trong khi rủi ro nhân sự giỏi \"nhảy\" việc vẫn rất cao vì có quá nhiều cơ hội dành cho họ.Trong cương vị lãnh đạo của một tổ chức, chắc đã không ít lần bạn tự đặt câu hỏi: Làm thế nào để tuyển đuợc một nhân viên giỏi? Trên thực tế, tuyển được nhân viên giỏi đã khó, giữ chân họ còn khó gấp bội. Việc họ ra đi sau khi đuợc đào tạo hay đã có vốn kinh nghiệm vững vàng là điều khiến hầu hết các nhà lãnh đạo doanh nghiệp phải đau đầu. Nhiều người cho rằng chiến lược giữ chân nhân viên duy nhất là thể hiện rõ ràng quyền lợi và trách nhiệm của họ trong hợp đồng lao động. Nhưng dó không phải là cách làm duy nhất.Hiệu quả làm việc, động lực thực hiện cam kết và quyết tâm hoàn thành tốt công việc của nhân viên còn phụ thuộc vào điều kiện làm việc mà họ được hưởng. Trong Nghệ thuật giữ chân nhân viên giỏi, J. Leslie McKeown chỉ dẫn đầy đủ các cách thức mà bạn cần áp dụng để tạo ra và phối hợp các yếu tố thu hút đuợc những nhân viên giỏi về làm việc bên mình. J. Leslie McKeown mang đến cho người đọc cái nhìn toàn diện về quá trình tuyển dụng - đào tạo - giữ chân nhân viên và các phương pháp cụ thể để thực hiện mục tiêu xuyên suốt ấy.Mời bạn đón đọc.</p>                                                  										', 'kt'),
(4, 'Đạo Của Kinh Doanh Đa Cấp - Tập 2: Cẩm Nang Nhà Kinh Doanh', 'Nguyễn Anh Tuấn', '    09/2017', 84, 'book4.jpg', '  																							  																						Đạo Của Kinh Doanh Đa Cấp bao gồm hai tập.Tập 1 mang tên \"Hệ thống lý luận kinh doanh đa cấp chân chính\" đề cập đến những lý luận khái quát chung.Tập 2 với tên gọi \"Cẩm nang nhà kinh doanh\" là những ứng dụng cụ thể từ lý luận khái quát ấy vào thực tiễn kinh doanh đa cấp, trên cơ sở thể nghiệm hoạt động kinh doanh sản phẩm và dịch vụ chăm sóc sức khỏe của công ty Vision.Bộ sách được biên soạn nhằm phục vụ cho hoạt động đào tạo, dẫn dắt các nhà phân phối tầng dưới, những con người luôn khát khao vươn tới hoàn thiện và thành đạt, nhũng người đã sáng suốt lựa chọn đúng thủ lĩnh, lựa chọn đúng phưong thức kinh doanh, chọn đúng một trong những công ty kinh doanh đa cấp tốt nhất làm sự nghiệp kinh doanh cho suốt cuộc đời của mình.Mời bạn đón đọc.</p>                                                  										', 'kt'),
(5, 'Thói Quen Thứ 8', 'Stephen R. Covey', '    08/2006', 36, 'book5.jpg', '  																							  																						Trong cuốn The 7 Habits of Highly Effective People, Covey đã chỉ cách làm cho ta trở nên đắc lực, làm việc hữu hiệu. Tuy nhiên, so với hoàn cảnh lúc quyển sách ra đời, thế giới ngày nay đã khác, nhiều thách thức hơn và cũng phức tạp hơn. Covey đã bỏ ra năm năm nghiên cứu, soạn thảo, thử nghiệm để cuối cùng trình làng cuốn Thói quen thứ 8 cho thời kỳ mà Covey mệnh danh là Thời đại của người lao động tri thức (the Knowledge Worker Age).Sách được chia thành hai phần.Phần thứ nhất tập trung vào việc “tìm ra tiếng nói của bạn” và phần thứ hai đề cập đến vấn đề “gợi hứng cho người khác tìm ra tiếng nói của họ” sau khi bạn đã tìm được tiếng nói của mình.&nbsp;Mời bạn đón đọc.</p>                                                  										', 'kt'),
(6, 'Những Chú Chó Bán Hàng', 'Blair Singer', '    03/2018', 96, 'book6.jpg', '  																							  																						Quyển sách bán chạy thế giới này, Những chú chó bán hàng, đã truyền cảm hứng cho những chủ doanh nghiệp nhỏ, những người bán hàng trực tiếp, và doanh nhân trên toàn thế giới trong gần một thập niên qua bởi vì thông điệp rõ ràng của quyển sách: Sự khác biệt giữa có “Ý Tưởng Triệu Đôla” với thật sự có hàng triệu đôla là khả năng bán ý tưởng, khái niệm, dịch vụ và sản phẩm của bạn. Cho dù bạn đang tìm kiếm công ăn việc làm, tuyển một đội ngũ xuất sắc và giúp họ đi đúng hướng, bán dịch vụ, tăng vốn, hay chỉ đơn giản thuyết phục bản thân rằng… bán hàng là kỹ năng số một của bạn.\r\nMời bạn đón đọc.                                                  										', 'kt'),
(7, 'Dọn Dẹp Theo Phương Thức Toyota', 'Ojt Solutions', '    03/2018', 84, 'book7.jpg', '  																							  																						Ra đời từ nửa sau thế kỉ 19 với xuất phát điểm là một xưởng mộc chuyên đóng và chế tạo máy dệt ở một vùng quê của Nhật Bản, sau gần 150 năm, Toyota đã vươn lên trở thành công ty đa quốc gia chuyên sản xuất ô tô lớn hàng đầu thế giới. Độ “khủng” của công ty Toyota không chỉ nằm ở số lượng xe sản xuất hàng đầu thế giới hay lợi nhuận ròng đạt đến 2.000 tỉ yên, mà chính là nằm ở “năng lực làm việc để liên tục tạo ra được thành quả”.Trong quá trình miệt mài không ngừng xây dựng và trưởng thành của mình, Toyota đã luôn phải đương đầu với vô vàn thử thách. Năm 1950, công ty phải đối mặt với nguy cơ phá sản. Kể từ năm 2008, công ty liên tục phải gánh chịu nhiều khó khăn đến từ hậu quả của cuộc khủng hoảng tài chính Lehman, đồng thời thu hồi sản phẩm trên quy mô lớn. Năm 2011, Toyota còn phải chịu ảnh hưởng nặng nề từ trận động đất sóng thần lịch sử tại khu vực Đông Bắc Nhật Bản. Dù gặp phải những khó khăn như vậy, nhưng nhờ vào tích lũy Kaizen hằng ngày nên Toyota vẫn liên tục duy trì, cho ra thành quả mà không cần phải cắt giảm nhân sự hay rút gọn các mảng kinh doanh.Bí quyết nào tạo nên sức mạnh của Toyota?Khi đặt câu hỏi này, có lẽ phần lớn mọi người sẽ đưa ra câu trả lời: “Đó là khả năng Kaizen tại nơi làm việc”.Kaizen của Toyota vốn là hệ thống được sinh ra tại nơi sản xuất nhưng đồng thời Kaizen cũng được xem là hệ thống đào tạo những con người biết suy nghĩ thông qua tạo ra những cơ hội để họ đưa ra trí tuệ. Chính vì luôn tìm kiếm sự đổi mới, cải tiến liên tục mà môi trường làm việc của Toyota luôn đạt đến sự chuyên môn hóa cao, giảm thiểu lãng phí, đạt hiệu suất lao động tối đa và con người luôn làm chủ thiết bị, máy móc. Bộ sách sử dụng nhiều ví dụ trong công xưởng sản xuất Toyota, nhưng nếu suy nghĩ ở khía cạnh “phương pháp tư duy” thì bộ sách này có nhiều kinh nghiệm mà bất kỳ ai, bất kể lĩnh vực nào, thậm chí học sinh tiểu học cũng có thể áp dụng để tạo ra thành quả.Kaizen là hành vi thay đổi hiện trạng để vượt qua giới hạn. Chỉ cần tích lũy những Kaizen nhỏ trong sinh hoạt thường ngày cũng có thẻ tạo ra sức mạnh lớn. Thành công của Toyota đã minh chứng cho điều này. Sự trưởng thành của con người là không giới hạn. Dù là học sinh sinh viên, dù là nhân viên văn phòng hay là người làm việc tại công xưởng, nếu “Kaizen hằng ngày” chắc chắn bạn sẽ&nbsp; trở nên mạnh mẽ hơn.Đặc trưng của phương thức Toyota là “luôn luôn thay đổi”, tự mình phải nhận ra vấn đề, tự suy nghĩ bằng trí tuệ bản thân, và cuối cùng là tiến hành với tất cả trách nhiệm của mình. Không phải đợi đến lúc rơi vào tình thế bắt buộc thì mới chịu thay đổi, Toyota quan niệm cần tiến hành Kaizen hằng ngày và biến đó thành thói quen. Chính lúc kinh doanh thuận lợi mới là lúc càng phải mạnh dạn thay đổi lớn. Ý chí mạnh mẽ đối với sự thay đổi đã giúp Toyota có sức đề kháng lớn đối với các nguy cơ, khó khăn, và Toyota dường như đã thành công trong việc đón đầu xu thế.Phương thức sản xuất Toyota TPS (Toyota Production System) là bí quyết thành công nổi tiếng nhất của thương hiệu này, được Toyota áp dụng rộng rãi ở tất cả các công xưởng và chi nhánh trên khắp thế giới. Ngoài việc giải quyết triệt để những vấn đề trong quá trình sản xuất gây phát sinh phế phẩm hoặc ảnh hưởng tới chất lượng sản phẩm thì Toyota luôn chú trọng tới việc suy nghĩ trước giải pháp để không xảy ra vấn đề. Đó là triết lý kinh doanh hướng tới chất lượng cao nhất và đáp ứng tốt nhất, đầy đủ nhất và kịp thời nhất nhu cầu của khách hàng. Đó là nỗ lực không bao giờ ngừng để có được sự hoàn hảo, cải tiến sáng tạo liên tục mọi phương pháp và quy trình sản xuất và tiêu thụ, từ công đoạn đầu tiên cho tới thành phẩm là chiếc ôtô, từ khi xuất xưởng cho tới dịch vụ chăm sóc khách hàng, duy tu bảo dưỡng, bảo hành sản phẩm.Phương thức sản xuất Toyota được tượng trưng bởi những khái niệm như Just In Time, Kanban, Kaizen. Phương thức này đã quá nổi tiếng khi chúng ta nhắc tới cái tên Toyota. Ở đâu đó vẫn có những suy nghĩ như “văn phòng của chúng tôi không thể bắt chước cách làm nơi công xưởng của Toyota được” hay “một số cá nhân có áp dụng đi chăng nữa thì cũng chẳng có ý nghĩa gì trong tổ chức”. Những suy nghĩ này là những điều ngộ nhận. Just In Time hay Kanban đúng là không phải cách làm mà ai cũng có thể bắt chước ngay được, nhưng dọn dẹp thì dù công ty nhỏ tới mấy, dù bạn làm việc gì đi chăng nữa thì đều có thể áp dụng ngay lập tức. Dọn dẹp theo phương thức Toyota không cần tới một hệ thống lớn, cũng không cần tiêu tốn nhiều kinh phí.Cuốn sách này tổng hợp kinh nghiệm, trí tuệ của những chuyên gia đào tạo thuộc công ty OJT Solutions (tỉnh Aichi, Nhật Bản) là những người đã từng có kinh nghiệm làm việc tại bộ phận sản xuất và phát triển sản phẩm của Toyota từ những năm 1960 cho tới nay. Những chuyên gia đào tạo đang tiến hành tư vấn hỗ trợ nâng cao hiệu quả kinh doanh và đào tạo nguồn nhân lực cho nhiều công ty bằng cách áp dụng những kinh nghiệm và cách suy nghĩ được bồi đắp nhiều năm tại Toyota. Những nội dung được giới thiệu trong cuốn sách này cũng bao gồm một phần cách nhìn nhận vấn đề liên quan tới công xưởng của Toyota và cả “hiện trường” của những công ty mà các chuyên gia đào tạo đã tư vấn. Thông qua phương pháp dọn dẹp theo phương thức Toyota, chúng tôi hy vọng các bạn có thể nâng cao hiệu suất cho công việc và nơi làm việc bằng cách tạo ra môi trường làm việc không lãng phí, không căng thẳng. Đây cũng là điều mà đội ngũ chuyên gia đào tạo chúng tôi mong muốn hơn tất cả.Mời bạn đón đọc.</p>                                                  										', 'kt'),
(8, 'Sổ Tay CEO - Quản Trị \"Khủng Bố\" Trực Tuyến Và Xử Lý Khủng Hoảng Truyền Thông Hiệu Quả', 'Phan Minh Cường', '    03/2018', 44, 'book8.jpg', '  																							  																						Để giữ vững danh tiếng, uy tín, thương hiệu, hình ảnh của doanh nghiệp luôn là vấn đề quan trọng trong thời buổi mà tình hình đời sống luôn có rất nhiều tin đồn cũng như sự xuất hiện của nhiều “anh hùng bàn phím” chuyên đi ném đá “tấn công sỉ vả” làm “khủng bố” trực tuyến rồi tạo ra khủng hoảng cho các doanh nghiệp như hiện nay.Chính vì vậy với tinh thần nâng cao ý thức để “doanh nghiệp tự cứu mình trước khi… trời cứu”, vấn đề xác định tầm quan trọng và xây dựng một quy trình quản trị cụ thể từ việc phát hiện, nhận diện “khủng bố” trực tuyến, đến việc đưa ra cách giải quyết các tình huống khi bị khủng bố; phương pháp phòng ngừa như thế nào để đạt hiệu quả cao nhất, cũng như phải thường xuyên tập dượt kỹ năng xử lý khủng hoảng để nâng cao sức đề kháng là một vấn đề tối quan trọng của doanh nghiệp hiện nay. Đó cũng là lý do mà tác giả rất tâm huyết muốn gửi đến các CEO, các doanh nghiệp.Mời bạn đón đọc.</p>                                                  										', 'kt'),
(9, 'Sổ Tay CEO - Phòng Chống Gián Điệp Trong Doanh Nghiệp', 'Phan Minh Cường', '    03/2018', 36, 'book9.jpg', '  																							  																						“Phan Minh Cường - Võ Thế Chương” là hai người bạn đồng niên, đồng môn và đồng nghiệp một thời, cùng một đam mê trong lĩnh vực “chiến tranh bí mật”. Với nhiều vấn đề “nóng” trong doanh nghiệp, gần đây nhất hai tác giả đã cho ra đời tác phẩm “Sổ tay CEO phòng chống gián điệp trong doanh nghiệp”.Cuốn sách được viết ra trên tinh thần nâng cao ý thức về an ninh và phòng chống gián điệp trong doanh nghiệp.“Sổ tay CEO phòng chống gián điệp trong doanh nghiệp” xoay quanh những câu chuyện nhỏ nhưng để lại hậu quả lớn trong doanh nghiệp, chẳng hạn như “Mê trai thích…tình”, hay ““Đừng chết vì thiếu …cảnh giác!”Tác giả đã khái quát một cách ngắn gọn nhất bao trùm cả tác phẩm, hướng dẫn các doanh nghiệp làm quen với các hoạt động của gián diệp như thế nào, cách đề phòng và phát hiện gián điệp, đặt câu hỏi gián điệp ở đâu, từ đâu mà có và chúng ta biết phải làm gì khi đã phát hiện ra gián điệp.Mời bạn đón đọc.</p>                                                  										', 'kt'),
(10, 'Đi Bán Đam Mê - Những Câu Chuyện Khởi Nghiệp', 'Đỗ Quang Tuấn Hoàng', '    04/2018', 84, 'book10.jpg', '  																							  																						Những năm gần đây đề tài khởi nghiệp trở thành đề tài tâm điểm của xã hội, ai cũng muốn khởi nghiệp, cũng muốn xây dựng cơ sở, mở rộng đầu tư sản xuất kinh doanh, góp phần làm giàu cho bản thân, gia đình và đất nước.Với mong muốn giúp đỡ các bạn có một tương lai tốt hơn trong con đường sự nghiệp của mình, Đỗ Quang Tuấn Hoàng đã cho ra đời tác phẩm “Đi bán đam mê – Những câu chuyện khởi nghiệp”.Tác phẩm là tập hợp những bài viết trên hành trình đi khắp các vùng miền trên cả nước, từ đô thị đến thôn quê, từ đồng bằng đến các buôn làng vùng cao để giới thiệu về những gương mặt khởi nghiệp ở Việt Nam, tại chính quê hương của mình. Đặc biệt tiêu biểu như “Một cánh rau rừng”, hay cô gái người người K’ho Rolan Cơ Liêng ở Lâm Đồng với thương hiệu “K’ho Coffee”… Mỗi nhân vật mang theo mình một câu chuyện dẫn dắt đến đường thành công, những khó khăn, thử thách, những thất bại.Tác phẩm được viết bằng sự đam mê, khát vọng vươn lên trong cuộc sống, để lại cho người đọc những kinh nghiệm, triết lý trong kinh doanh bổ ích cho tương lai thế hệ sau này.Mời bạn đón đọc.</p>                                                  										', 'kt'),
(11, 'Xin Chào Những Buổi Sáng (Song Ngữ) -  Phát Hành Dự Kiến  27/05/2018', 'Nguyễn Phong Việt', '    27/05/2018', 58, 'book11.jpg', '  																							  																						Xin chào những buổi sáng \r\nTiếng chim hot trên đường \r\nHàng cây xanh màu lá&nbsp; \r\nHoa trên cành tỏa hương... \r\nÁnh mặt trời ấm áp \r\nĐi cùng những bước chân \r\nNhẹ nhàng nhưng háo hức \r\nDù quen đến bao lần... \r\nLà thầy cô, bè bạn \r\nĐợi phía sau cổng trường \r\nCó bao điều học hỏi \r\nMỗi ngày trưởng thành lên... \r\nĐặc biệt, tác giả còn thiết kế những trang vô cùng đáng yêu để bé và mẹ cùng sáng tác bài thơ cho riêng mình.\r\nMời bạn đón đọc.\r\n</p>                                                  										', 'vhtn'),
(12, 'Ngày Xưa Có Một Chuyện Tình (Bìa Mềm)', 'Nguyễn Nhật Ánh', '    03/2018', 80, 'book12.jpg', '  																							  																						Ngày xưa có một chuyện tình&nbsp;là một câu chuyện cảm động khi người ta yêu nhau, nỗi khát khao một hạnh phúc êm đềm ấm áp đến thế; hay đơn giản chỉ là chuyện ba người - anh, em, và người ấy…? \r\nKhi mở sách ra, độc giả sẽ được chứng kiến làn gió tình yêu chảy qua như rải nắng trên khuôn mặt mùa đông của cô gái; nụ hôn đầu tiên ngọt mật, cái ôm đầu &nbsp;tiên, những giọt nước mắt và cái ôm xiết cuối cùng của tấm tình người yêu người… Và người đọc sẽ tìm thấy câu trả lời, cho riêng mình.\"- Miền nè.- Gì hở Phúc?- Có chuyện này nè.- Chuyện gì vậy?- Ở trong lớp mình ấy mà.- Trong lớp mình sao? - Lần này tôi thấy đôi lông mày Miền nhướn lên. Nó vừa hỏi vừa xoáy mắt vào mặt tôi, chắc nó lấy làm lạ trước lối nói chuyện lòng vòng của tôi.Ngay cả tôi, tôi cũng thấy tôi không giống mọi hôm chút nào và phát hiện đó khiến tôi gần như nổi điên lên với chính mình.Tôi nói nhanh:- Có một bạn trong lớp đang thích Miền đó.\" &nbsp; &nbsp;\"Tôi rơi vào tình yêu như thiên thạch bị rơi vào lỗ đen. Tôi bị tình yêu đó nuốt chửng với một sức mạnh không sao cưỡng lại được.Suốt một thời gian dài, tôi trượt trên tình yêu như trượt trên vỏ chuối, ngây ngất, mê man, chỉ khi nào té ngã thì đà trượt đó mới dừng lại.Có cái gì đó làm tôi lạc lối. Nó khiến tôi tin rằng đạo đức là cái con người vẽ ra chứ không phải là cái vẽ ra con người. Nó khiến tôi sẵn sàng nổi loạn, chẳng buồn bận tâm cuộc đời mình rồi sẽ trôi dạt về đâu, những thứ gì sẽ đổ lên cuộc đời mình. Và tôi, thoạt đầu là tin một cách ngây thơ, về sau thì cố tin đó là tình yêu để biện hộ cho hành động của mình. Nhưng yêu kiểu như tôi yêu Phúc thì càng yêu tôi càng hiểu về tình yêu ít hơn.…Có cái gì đó mù lòa, say đắm, điên rồ, ảo giác, đẫm mê hương trong cuộc tình này.\" &nbsp; &nbsp;- Trích “Ngày xưa có một chuyện tình”Mời bạn đón đọc.\r\n                                                    										', 'vhtn'),
(13, 'Ngày Hôm Qua... Đã Từng - My Angel -  Phát Hành Dự Kiến  30/04/2018', 'Nguyễn Mon', '    30/04/2018', 96, 'book13.jpg', '  																							  																						My angel là tập cuối cùng trong bộ ba tiểu thuyết Ngày hôm qua… đã từng của tác giả trẻ Nguyễn Mon. Cũng như hai tập truyện trước, My angel là những trang hồi kí đầy cảm xúc, kể về một cô gái mà tác giả coi là thiên thần của lòng mình.&nbsp;\r\nMời bạn đón đọc.                                                  										', 'vhtn'),
(14, 'Đâu Đó Vẫn Có Tình Yêu', 'Hiển Huy', '    22/04/2018', 60, 'book14.jpg', '  																							  																						\"Đâu đó vẫn có tình yêu\" là tuyển tập tản văn về tình yêu, tuổi trẻ và những sóng gió trên con đường lập nghiệp, tiến thân của tác giả Hiển Huy (cây viết quen thuộc trên tạp chí 2!Đẹp với bút danh Qy).&nbsp;Huy là một chàng trai Xử Nữ điển hình. Nội tâm, tỉ mỉ và hay để ý. Có thể vì thế mà những trang viết của Huy luôn khiến chúng ta phải giật mình, vì Huy luôn nhìn thấy những điều rất nhỏ, nhỏ xíu thôi, nhưng lại có ý nghĩa vô cùng lớn lao và sâu sắc.Những tản văn nhẹ nhàng nhưng sâu sắc của Hiển Huy về tuổi trẻ, về tình yêu và cả những chiêm nghiệm về bản thân tựa như một hành trình yêu thương đủ đầy những cung bậc cảm xúc.&nbsp;“Tuổi trẻ, từ ngữ được lạm dụng bừa phứa vô tội vạ hay gần đây là “thanh xuân”, vốn dĩ rất đỗi thiêng liêng. Nhưng nó cũng chất chứa biết bao thất vọng, vụn vỡ, hoang mang, lạc lõng. Tôi loay hoay, chúng ta cùng loay hoay, và tìm kiếm những câu trả lời cho mình, trong cô độc.&nbsp;Đến bây giờ, tôi cũng chưa hoàn toàn tự tin rằng mình đã ổn. Bởi cuộc sống bất định lắm, có khi nay mai tôi đã không còn là bản thể ngày hôm nay, nhưng tôi biết một điều dù cho thế nào đi nữa, khi nhìn lại những đứt gãy mình đã từng đi qua, tôi đã ki cóp đủ tĩnh, yên và yêu, để ôm mình thật chặt và dán lên đó một chiếc urgo màu hồng và đi tiếp.” - Qy.Mời bạn đón đọc.</p>                                                  										', 'vhtn'),
(15, 'Những Thiên Thần Của Người Gác Rừng', 'Phương Huyền', '    03/2018', 50, 'book15.jpg', '  																							  																						Chị Mi chớp mắt liên tục vờ không tin vào những gì mình được nhìn thấy. Đây có phải là khu rừng không, hay là xứ sở của các loại kẹo vậy? Trước mắt chị Mi và hai đứa là cả một rừng kẹo ngọt đủ màu. Kẹo thanh, kẹo viên, kẹo bông gòn mọc đầy trên những nhánh cây. Chỉ cần đưa tay ra là có thể chạm vào......Hai đứa thích mê tơi. Nhìn qua chị Mi, hai đứa cười ngặt nghẽo, cả ba đứa, mặt mũi đứa nào cũng đầy kẹo bông gòn...Mời bạn đón đọc.</p>                                                  										', 'vhtn'),
(16, 'Thanh Xuân Của Chúng Ta Sẽ Dài Bao Lâu?', 'Thảo Thảo', '    22/04/2018', 69, 'book16.jpg', '  																							  																						“Điều đáng tiếc nhất của em, đó là dành hết cả thanh xuân, tình yêu, niềm tin của mình cho một người không xứng đáng.Điều đáng tiếc nhất của anh, đó là chỉ vì những vật chất hào nhoáng, những giây phút giây mù quáng, sa ngã mà đánh mất em.Điều đáng tiếc nhất của chúng ta, là đã quá nông cạn và trẻ con mà để lỡ mất nhau trong muôn vàn đớn đau và nuối tiếc.Nhưng nếu thời gian có quay trở lại, em vẫn sẽ chọn yêu anh, dù cho chuyện tình này chẳng hề vui vẻ, nhưng em biết, những năm tháng bên nhau, chúng ta đã sống và yêu nhau bằng một tình yêu chân thành nhất, mà dù chọn người khác, em chưa chắc đã có được.&nbsp;Nếu được gọi tên thanh xuân của mình, em sẽ đặt tên là ANH!”Người ta vẫn thường nói thanh xuân là quãng thời gian đầy sóng gió bởi vì lúc đấy chúng ta không biết câu trả lời là gì. Chúng ta không biết thật sự bản thân muốn gì, ai thật lòng yêu chúng ta và chúng ta thật lòng yêu ai. Đó là quãng thời gian chúng ta cứ quẩn quanh đây đó để tìm kiếm câu trả lời. Và rồi khi thanh xuân đi qua, nó sẽ lấy của em nhiều thứ: nước mắt, sự lạc quan, hạnh phúc nhưng cũng trả lại cho em những bài học, sự mạnh mẽ và trưởng thành.Thanh xuân là sai lầm, là thương tổn, nhưng em đừng vì thế mà ngần ngại làm những gì mình thích, tỏ tình với người mình yêu. Đừng vì những thất bại của người khác mà không dám bắt đầu, đừng vì những đổ vỡ của người khác mà ngại yêu thương. Đừng để thanh xuân của mình trôi qua trong những cô đơn, sợ hãi. Hãy can đảm để tự viết nên câu chuyện THANH XUÂN của riêng mình.“Thanh xuân của chúng ta sẽ kéo dài bao lâu?” – cuốn sách sẽ cuốn trôi những âu lo và sợ hãi về tương lai, cho chúng ta thêm động lực để sống hết mình cho mỗi phút giây hiện tại. Bởi đơn giản, đến cuối cùng, ai chẳng muốn thanh xuân của mình sẽ rực rỡ, tươi đẹp và kéo dài mãi mãi, đúng không?Mời bạn đón đọc.</p>                                                  										', 'vhtn'),
(17, 'Có Một Mùa Hè', 'Đặng Ái', '    09/2017', 79, 'book17.jpg', '  																							  																						Cổn giồ, cậu học sinh nghịch ngợm, quấy phá tới mức được “mời” lên phòng giám hiệu không biết bao nhiêu lần. Lần đầu “long trọng”, tới bảy tám thầy cô và thầy hiệu trưởng tiếp đón, sau cứ kém dần, có bữa chỉ còn bác lao công. Thế mà, sau một mùa hè, cậu có cuộc bứt phá ngoạn mục. Cứ nhìn cái Ngã Ba Bia thì biết, từ nơi đổ rác bừa bãi, nay trở thành công viên thiếu niên sạch đẹp phong quang, y như hình ảnh của cậu. Vì đâu? Lê - cô đội trưởng chăm ngoan, giỏi giang, Dong - người bạn chân thành, anh Phiệt, chị Cầm, cô giáo Phương thương yêu, tâm huyết… đã làm những điều tuyệt vời. Đó là gì vậy?Chuyện dài và hấp dẫn, các bạn nghe kể từ từ nhé.Nhưng tôi biết, những tấm lòng đã làm nên tất cả.Mời bạn đón đọc.</p>                                                  										', 'vhtn'),
(18, 'Quán Gió', 'Ngọc Giao', '    12/2017', 53, 'book18.jpg', '  																							  																						“Thực là nghiệp chướng! Cha bỏ tù con, anh em oán ghét nhau, vô phúc quá!...Và bây giờ – Trâm nghĩ… – con chồng ăn ngủ cùng dì ghẻ…, anh bắt em đi tù…, rồi thì mẹ góa, con lại góa theo sau khi đã giết bỏ một hài nhi vô tội… Chao ôi, còn gì nữa, hả trời!”Được coi là cuốn sách đầu tiên in ở Hà Nội kể từ sau khói lửa chiến tranh bùng lên năm 1946, Quán gió của Ngọc Giao đã ghi nhận sâu sắc và ngay lập tức một giai đoạn đang đi vào đổ vỡ không lối thoát. Ly tán tha hương, oán thù ruột thịt, gá ghép cuộc đời với những trớ trêu của số phận, những kiếp người nhỏ nhoi và bơ vơ trong cơn bão tố lịch sử kia có thể tìm được gì ở cõi sống “phù trầm thảm khốc” này? Với Ngọc Giao, ông đặt niềm tin vào lòng nhân ái của con người, là chút nghĩa yêu thương nơi quán gió, bến mưa, bởi “tấm lòng yêu thương há chẳng là một cái gì cao quý nhất đó ru!”“Quán gió làm người đọc một lần nữa nhận ra văn chương luôn có thể bổ khuyết những gì mà lịch sử đã không nói. Nó, vì thế, thực sự là một cuốn tiểu thuyết trắc ẩn và can đảm.”- Trần Ngọc Hiếu“Lại nhớ đến Murakami, mượn lời một nhân vật của mình để nói cái ý rằng văn chương mà vẫn được in sau một thời gian dài mới thực là đáng đọc. Những tiểu thuyết, truyện ngắn, tạp văn của Ngọc Giao, sau hơn nửa thế kỷ bị lãng quên, nay lại được công chúng phát hiện và yêu mến, thật là một sự đáng mừng. Những lý do của việc này, chắc bạn đọc cũng tự biết, và sẽ lại thấy rõ hơn khi đọc Quán gió.”- Dịch giả Trịnh LữMời bạn đón đọc.</p>                                                  										', 'vhtn'),
(19, 'Tình Lặng', 'Hà Thiện Thuyên', '    06/2010', 37, 'book19.jpg', '  																							  																						Tình Lặng là câu chuyện tình cảm đầy lãng mạn nhưng cũng lắm sóng gió, gập ghềnh của Kim Trinh Hy và chàng trai mất trí nhớ Hàn Vĩnh Thái. Kim Trinh Hy đã thề nhất định sẽ tìm được Hàn Vĩnh Thái, thế nhưng, ma xui quỷ khiến cô lại gặp phải Trịnh Vân Trác là một người giống Hàn Vĩnh Thái y như đúc. Đối diện với sự chăm sóc tỉ mỉ, yêu thương và theo đuổi điên cuồng của Vân Trác, cô không biết phải làm như thế nào. Sự hiểu lầm cũng như mất trí nhớ của Vĩnh Thái đã làm tan nát cõi lòng cô. Tất cả mọi vấn đề xảy ra trong câu chuyện này cũng chỉ có một đáp án, Kim Trinh Hy nhất định phải chiến thắng trái tim của Hàn Vĩnh Thái.Chuyện tình của họ sẽ diễn biến như thế nào? Cuối cùng, ai là người sẽ được duyên phận chọn lựa để đi cùng Kim Trinh Hy đến cuối cuộc đời. Bằng ngôn từ giản dị, giàu xúc cảm cùng những tình tiết vô cùng gay cấn, Tình Lặng sẽ mang đến cho bạn câu trả lời vô cùng thú vị.Mời bạn đón đọc.</p>                                                  										', 'vhtn'),
(20, 'Valentine Mù Sương', 'Phan Đức Nam', '    03/2010', 28, 'book20.jpg', '  																							  																						Mục lục:- Gia tài- Xôn xao chiều 550- Valentine mù sương- Bức tường- Ông tôi- Bóng chiều- Bờ vực thẳm- Những bức họa của quỷ- Bóng bay- Bên hồ- Lòng tốt ở lại- Quê hương- Trái ngọt- Cha con người thợ săn- Chuyện con mực- Sau cơn binh lửa- Giữa bọn buôn người- Gió từ bản núi.Mời bạn đón đọc.\r\n</p>                                                  										', 'vhtn'),
(21, 'Hoàng Tử Bé (Bìa Cứng)', 'Antoine de Saint-Exupéry', '    04/2018', 160, 'book21.jpg', '  																							  																						Tác phẩm kinh điển&nbsp;“Hoàng tử bé”&nbsp;ra mắt ấn bản minh họa màu đầu tiên do họa sĩ trẻ Việt Nam thực hiện.Sách in màu toàn bộ, có bìa cứng kèm bìa áo, mỗi cuốn tặng kèm 01 bookmark “Hoàng tử bé” xinh xắn.Nhà văn Antoine de Saint-Exupéry (1900-1944) : Ông sinh tại Lyon, Pháp. Chiến tranh Thế giới lần thứ nhất ông theo mẹ sang Thụy Sĩ. Năm 1917, trở về Pháp, học trung học tại Paris, sau đó ông vào trường Mỹ thuật. Trong chiến tranh Thế giới lần thứ hai, ông tham gia không quân. Ngày 31.7.1944, máy bay của ông mất tích trên bầu trời Địa Trung Hải.Dịch giả, nhà văn Nguyễn Thành Long (1925 - 1991) là cây bút chuyên về truyện ngắn và ký. Ngoài sáng tác, ông còn dịch “Hoàng tử bé”, “Quê xứ con người” của Saint Exupéry.Họa sĩ Nguyễn Thành Vũ: Chàng hoạ sĩ tự do sinh năm 1993, yêu trẻ con và mơ ước vẽ được thật nhiều&nbsp;sách tranh thiếu nhi Việt Nam. Mong muốn của Vũ là nét vẽ và câu chuyện của mình sẽ đến được với nhiều em nhỏ ở vùng sâu vùng xa, nơi các em không có nhiều điều kiện để đọc sách.“... Cậu hoàng tử chợp mắt ngủ, tôi bế em lên vòng tay tôi và lại lên đường. Lòng tôi xúc động. Tôi có cảm giác như trên Mặt Đất này không có gì mong manh hơn. Nhờ ánh sáng trăng, tôi nhìn thấy vầng trán nhợt nhạt ấy, đôi mắt nhắm nghiền các lẵng tóc run rẩy trước gió, và tôi nghĩ thầm: \"Cái mà ta nhìn thấy đây chỉ là cái vỏ. Cái quan trọng nhất thì không nhìn thấy được...\"Mời bạn đón đọc.\r\n</p>                                                  										', 'vhnn'),
(22, 'Điểm Dối Lừa -  Phát Hành Dự Kiến  30/04/2018', 'Dan Brown', '    30/04/2018', 148, 'book22.jpg', '  																							  																						Khi vệ tinh phát hiện ra một vật thể lạ bị chôn vùi dưới lòng sông băng ở Bắc Cực, NASA lập tức tận dụng cơ hội này để đưa ra tuyên bố về một kì tích chắc chắn sẽ ảnh hưởng mạnh mẽ đến kì bầu cử Tổng thống đang đến gần. Tổng thống Zachary Herney đã đích thân mời chuyên gia phân tích tình báo, đồng thời cũng là con gái của ứng cử viên Đảng đối thủ - Rachel Sexton - đến tận nơi để xác minh phát kiến đó. Cùng một nhóm những nhà khoa học nổi tiếng, trong đó có nhà hải dương học Michael Tolland, Rachel đặt chân đến Bắc Cực.Nhưng ở đây, cô lại phát hiện ra một âm mưu dối trá, có thể ảnh hưởng đến cả thế giới. Chưa kịp báo cho Tổng thống Herney biết thì cô cùng các nhà khoa học đã bị một đội sát thủ chuyên nghiệp tấn công. Trên đại dương tăm tối, chết chóc, Rachel cùng nhóm của mình đã phải tìm mọi cách để vạch mặt kẻ chủ mưu, đồng thời cố gắng để bảo toàn mạng sống.Một cuộc đấu trí khốc liệt diễn ra ngay trên biển cả bao la. Thời gian chỉ còn được tính bằng phút. Kẻ đứng sau tất cả những âm mưu đen tối này là ai? Liệu sự thật cuối cùng có được tiết lộ hay sẽ bị chôn vùi mãi mãi?Mời bạn đón đọc.</p>                                                  										', 'vhnn'),
(23, 'Khổng Lồ Và Tiến Sĩ Quỷ Quyệt -  Phát Hành Dự Kiến  30/04/2018', 'Kate Scott', '    30/04/2018', 58, 'book23.jpg', '  																							  																						Anzo học lớp Sáu, nhưng lại chỉ cao ngang đám học sinh lớp Một, cậu thường xuyên bị bạn bè dung làm chỗ tì tay, và bị gọi bằng cái tên “Hạt Lạc” xấu xí. Ngược lại với Anzo, gia đình cậu toàn những người thú vị, hài hước, sôi động và… cao lêu nghêu!!!Sự tự ti khiến Anzo gặp rất nhiều khó khăn trong việc bày tỏ những gì mình mong muốn, thế nhưng một ngày, Bùm!, hai sự việc xảy ra đã thay đổi hoàn toàn cuộc sống của Anzo: cậu phải cùng lúc đóng vai bảy chú lùn trong vở kịch Nàng Bạch Tuyết sắp tới, và tác phẩm “Khổng lồ và Tiến sĩ Quỷ quyệt” của cậu đã nhận được Chứng chỉ khen thưởng cùng giấy mời tham dự lễ hội truyện tranh từ Hiệp hội Truyện tranh Quốc tế - thứ mà gia đình cậu cho là vớ vẩn! Anzo chẳng thể nào một mình xoay xở trước tất cả những rắc rối này, nhưng cậu có sự trợ giúp đắc lực của Elisa, cô bạn biết tuốt cực kì thân thiết với cậu.Mời bạn đón đọc.</p>                                                  										', 'vhnn'),
(24, 'Mùa Giáng Sinh Hạnh Phúc -  Phát Hành Dự Kiến  25/04/2018', 'Suzanne Enoch', '    25/04/2018', 94, 'book24.jpg', '  																							  																						Adam Baswich - Công tước xứ Graves - điển trai và giàu có. Theo di chúc của cha, Adam phải kết hôn trước sinh nhật thứ 30, nếu không anh sẽ mất toàn bộ tài sản và tước vị. Giáng sinh năm nay, anh đã mời tất cả các tiểu thư danh giá trong cả nước tới dự tiệc để tuyển chọn cô dâu tương lai. Đồng thời, Adam cũng mời Sophia White - cô con gái ngoài giá thú đầy tai tiếng của Công tước Hennessy - để ngày lễ thêm sinh động. Sophia xinh đẹp, tốt bụng và thông minh đã nhanh chóng chiếm được cảm tình của gia nhân trong nhà Adam và cả chính chàng Công tước. Tuy nhiên, liệu Adam có sẵn sàng đánh đổi tất cả nhân danh tình yêu hay không?\r\nMời bạn đón đọc.                                                  										', 'vhnn'),
(25, 'Anh Đã Từng Yêu Em, Nghĩ Lại Thấy Đau Lòng', 'Tự Do Cực Quang', '    12/2017', 130, 'book25.jpg', '  																							  																						Anh đã từng yêu em, nghĩ lại thấy đau lòng là câu chuyện về tuổi thanh xuân của cô gái Lợi Hương. Trong những năm tháng học ở Học viện Điện ảnh, cô đã trải qua những ngày tháng tươi đẹp tràn đầy kỉ niệm với những người bạn tốt của mình. Và đặc biệt, cô quen biết một người đàn ông lớn hơn mình nhiều tuổi – Hứa Chí An. Dần dần, Lợi Hương và Hứa Chí An nảy sinh tình cảm với nhau, nhưng cũng thật đột ngột khi Hứa Chí An bỏ đi mà không rõ nguyên do, bỏ lại cô gái vẫn một lòng một dạ mong chờ.Anh đã từng yêu em, nghĩ lại thấy đau lòng, một câu chuyện vừa hài hước, vừa cảm động về tình bạn, tình yêu và tuổi trẻ.Mời bạn đón đọc.</p>                                                  										', 'vhnn'),
(26, 'Lũ Ngốc, Bài Thi Và Linh Thú Triệu Hồi - Tập 6.5', 'Kenji Inoue', '    2017', 56, 'book26.jpg', '  																							  																						Sự xuất hiện được nhiều người mong đợi!Yuko, chị của Hideyoshi sẽ chuyển sang lớp F!?Đây là tuyển tập truyện ngắn thứ hai về những năm tháng của tuổi thanh xuân bùng cháy, bao gồm bốn câu truyện nhỏ “Tôi, thằng em ngốc nghếch và câu chuyện đổi lớp”, hai phần “Tôi, bãi biển và lễ hội náo nhiệt” kể về chuyến đi biển dịp nghỉ hè của nhóm bạn với rất nhiều cảnh táo bạo, và cuối cùng là “Yuji, Shoko và kỉ niệm tuổi thơ” với một sự kiện nhỏ xảy ra ở trường của cậu thiếu niên được gọi là thần đồng cùng cô bé trầm lặng.“Tại sao ta chưa bao giờ được đối xử như với một người đàn ông!? (by “người có ngực nhỏ hơn trong hai chị em nhà Kinoshita”).Mời bạn đón đọc.</p>                                                  										', 'vhnn'),
(27, 'Lũ Ngốc, Bài Thi Và Linh Thú Triệu Hồi - Tập 6', 'Kenji Inoue', '    12/2017', 56, 'book27.jpg', '  																							  																						Kì nghỉ hè mong đợi đã tới! Thế nhưng, vì kết quả thi cuối kì quá thảm hại nên Akihisa cùng các bạn lớp F phải học phụ đạo.Vào một ngày trong số những ngày cả lớp im lặng chịu đựng tiết học nóng bức của Iron Man, họ bỗng nhớ ra, “À phải rồi, nghe nói điểm số trong hệ thống triệu hồi linh thú đã được đặt lại, không biết thế nào nhỉ!” Và quyết định sử dùng vòng tay bạch kim để gọi linh thú lên xem sao. Tuy nhiên, linh thú xuất hiện lại mang hình dạng đáng sợ như từ truyện cổ bước ra!“Bạn là quả bóng” (by Chủng loại yêu quái mới - Sakamoto Yuji). Trong tập 6 này, họ sẽ phải đối mặt với cuộc thi đầy thách thức mà họ không thể thua.Mời bạn đón đọc.</p>                                                  										', 'vhnn'),
(28, 'Lũ Ngốc, Bài Thi Và Linh Thú Triệu Hồi - Tập 5', 'Kenji Inoue', '    2017', 56, 'book28.jpg', '  																							  																						Akihisa đang thỏa thích sống một mình thì đột nhiên, sát thủ hung tàn xuất hiện.Người phái sát thủ tới, không ai khác hơn chính là mẹ cậu ấy.Vì sự xuất hiện của cô gái yêu quý Aki nhất trên đời này, mà những ngày tự do lười biếng kết thúc, cuộc sống đáng sợ, bị giám sát theo phương thức trừ điểm bắt đầu. Để chạy thoát khỏi địa ngục tình thương gia đình và tận hưởng một mùa hè không phải học phụ đạo, chỉ còn cách đạt được điểm cao trong đợt thi cuối kỳ!Những lúc thế này tao mới cần nhờ tới mày đó, thằng-từng-là-thần-đồng kia!“Gia đình à… Khổ thân mày quá nhỉ…” (by Mr. Cứu-tao-với).Chính vì vậy mà mọi người quyết định tổ chức học nhóm!Tập 5 này, sẽ tràn đầy biến cố của những tình yêu bị cấm đoán.Mời bạn đón đọc.</p>                                                  										', 'vhnn'),
(29, 'Tiệm Sách Cũ Biblia - Tập 5', 'Mikami En', '    03/2018', 76, 'book29.jpg', '  																							  																						Những điều khó nói với nhau, những khúc mắc trong quá khứ, những danh tính bị chôn vùi, hãy để một cuốn sách thay lời, và để cô chủ tiệm của chúng ta giải mã…Tất nhiên, cô sẽ chẳng chịu nhận những lời thỉnh cầu ấy nếu thiếu đi anh “trợ thủ” của mình.Bốn tập truyện - hơn nửa năm trời đã trôi qua, biết bao phiền não đã được hóa giải bởi cô chủ tiệm. Thế nhưng, những câu hỏi xung quanh chính cô thì cứ ngày một chất chồng. Đáp án không phải cô không biết, mà là cô chưa thể nói thành lời. Một cô gái vốn quen được bao bọc bởi những con chữ, nay lại không biết phải sắp xếp ngôn từ của riêng mình.Để làm sáng tỏ màn sương giăng trong lòng, cô phải gặp lại mẹ, người chính cô đã chối bỏ, mặt đối mặt cũng không chịu nói một lời, ngay cả khi mẹ chìa tay rủ cô đi chu du cùng, cô cũng quyết từ chối. Có điều, tìm được người mẹ hành tung bí ẩn ấy đâu có dễ. Tập 5 này, cô phải giải đáp những “câu đố” vô tình hay cố ý đặt ra bởi người mẹ để tìm được các manh mối liên lạc của bà và tiến đến đích.Thế còn anh chàng trợ thủ khi điều tra của cô? Thật thiếu sót nếu không nói về anh.Anh là cầu nối đưa cô đến cuộc sống thực tại, tuy bình dị nhưng đáng quý, nơi có một tình yêu nhỏ bé như nụ hoa ấp ủ cuối cùng cũng hé mở.Nhưng đồng thời, anh cũng là rào cản lớn nhất khiến cô chùn bước mỗi lần định vứt bỏ tất cả và chạy theo mẹ đến bến bờ của sách vở và tri thức.Và, người họ hàng cùng chung dòng máu với anh, kẻ săn đuổi sách ngày nào, dường như lại là hiểm họa lớn nhất đe dọa những ngày bình yên của tiệm sách cũ trong con hẻm nhỏ ấy…Mời bạn đón đọc.</p>                                                  										', 'vhnn'),
(30, 'Tiệm Sách Cũ Biblia - Tập 4', 'Mikami En', '    2017', 76, 'book30.jpg', '  																							  																						Năm lớp Mười một, cậu học sinh Daisuke bắt gặp một cô gái xinh đẹp trước cửa tiệm sách cũ ở một con ngõ nhỏ. Khi còn đứng ngây ngẩn nhìn cô, cậu đã bỏ lỡ cơ hội bước vào cửa tiệm và bắt chuyện với cô gái lạ…Nhưng muộn còn hơn không, sáu năm sau, chàng thành niên ấy đã trở thành nhân viên còn cô gái năm xưa đã là chủ tiệm sách!Từ đây, qua lời kể say sưa của cô, anh đã tìm đến bao câu chuyện, thú vị có, kì lạ có, mà đau thương day dứt cũng có.Thế nhưng, cái hay của “truyện lồng trong truyện” là khi những cảm xúc ấy cũng theo chân chủ nhân những cuốn sách cũ vào trong câu chuyện đời của riêng họ. Lật giở một trang sách, ngó xem một bộ sưu tập sách cổ, ta biết gì về cuộc đời chủ sách. Có người đã yêu và đọc sách trong thầm kín lén lút, cũng có người say mê đến độ muốn hóa thân thành nhân vật trong trang sách. Tất cả sẽ được giải đáp bởi cô chủ tiệm sách tinh tường.Gần đây, tiệm sách cũ bắt đầu nhận ủy thác giải quyết những điều bí ẩn. Nhưng sẽ thế nào nếu một bên là cô chủ ngày hôm nay và bên kia là “bà chủ” của tiệm sách ngày trước, cũng là người mẹ trở về sau mười năm bặt vô âm tín của cô, cùng lao vào trò chơi giải mật mã để đoạt lấy phần thưởng cuối cùng?Và hơn cả sự ngưỡng mộ, một nỗi niềm đã nhen lên trong lòng anh nhân viên với cô chủ tiệm, nhưng đến khi anh quyết mở lời, sẽ thế nào nếu anh không phải người duy nhất muốn hẹn hò với cô gái ấy?Mời bạn đón đọc.</p>                                                  										', 'vhnn'),
(31, 'Cẩm Nang Chăm Sóc Sức Khỏe Giới Tính', 'Thu Hương', '    2014', 34, 'book31.jpg', '  																							  																						Những dấu hiệu thay đổi sinh lý của tuổi mới lớn, những lưu ý đối với chu kì kinh nguyệt, kiến thức mang thai và các bệnh phụ khoa, bệnh lây truyền qua đường tình dục... Tất cả thông tin cơ bản này sẽ được diễn giải đầy đủ và chi tiết trong cuốn sách này. Hiểu rõ về những thay đổi của cơ thể sẽ giúp bạn chăm sóc sức khỏe một cách tốt nhất.\r\nMời bạn đón đọc.                                                  										', 'ttds'),
(32, 'Những Bài Học Từ Con Trẻ', 'Joan Aho Ryan', '    09/2010', 26, 'book32.jpg', '  																							  																						Cuốn sách Những Bài Học Từ Con Trẻ cho bạn thấy con trẻ dạy chúng ta những bài học rất quan trọng. Trong cuốn sách này, người đọc sẽ gặp những đứa trẻ đã gây ảnh hưởng đến cuộc sống của người lớn như: cha mẹ, ông bà, thầy cô giáo, dì, chú, cha mẹ kế hay những người bạn của gia đình.... Tuy nhiên tất cả đều hướng về một nội dung: Nói về sự tử tế, lòng can đảm, tình yêu thương, ý chí cao và sự sáng suốt của những đứa trẻ mà họ yêu quý, thậm chí khâm phục...Trong thời đại mà mọi người đều quan tâm đến con trẻ và những hình ảnh tiêu cực xung quanh chúng, những bài học từ con trẻ giúp bạn nhận ra những điểm tốt cũng như khả năng cảm thụ của trẻ con. Chúng không chỉ dạy ta những bài học trong cuộc sống mà còn có thể là một tấm gương để người lớn học tập. Bạn sẽ khám phá ra sự kì diệu, nét ngây thơ hồn nhiên và sự cởi mở, những món quà mà chỉ trẻ con mới có thể ban tặng chúng ta. Từ những câu chuyện hóm hỉnh đến sâu sắc, tất cả đều nói lên cách con trẻ đã dạy cho ta về giá trị cuộc sống, đồng thời nhìn nhận lại bản thân mỗi ngườiCuốn sách được biên soạn nhằm kết nối sự gắn bó trong mỗi gia đình, vốn là nơi khởi đầu của mọi học vấn và theo suốt cuộc đời mỗi người. Nếu bạn đã từng yêu mến một đứa trẻ hoặc bạn thường hồi tưởng lại những kỷ niệm thời thơ ấu của mình, Những bài học từ con trẻ là một cuốn sách bạn nên có. Bạn sẽ nhận ra những đứa trẻ bạn gặp hằng ngày cũng như đứa trẻ thân thiết thật đặc biệt. Chắc chắn bạn sẽ còn muốn đọc lại nhiều lần vì nguồn cảm hứng và sự thú vị mà cuốn sách đem lại.Mời bạn đón đọc.</p>                                                  										', 'ttds'),
(33, 'Cha Mẹ, Thanh Thiếu Niên & Những Ranh Giới', 'Jane Bluestein', '    12/2010', 31, 'book33.jpg', '  																							  																						Quyển sách Cha Mẹ, Thanh Thiếu Niên &amp; Những Ranh Giới được viết dành cho những bậc phụ huynh luôn muốn dành những điều tốt nhất cho con cái. Tuy nhiên ở giai đoạn trưởng thành, nhiều người sẽ cảm thấy con mình thay đổi, “những đứa trẻ đã từng rất dễ sai bảo nhưng bây giờ lại tỏ ra chống đối”, họ nghĩ vậy nhưng thực sự họ đã hiểu hết về con cái của mình chưa? Điều gì đã gây ra những sự rạn nứt không đáng có trong mối quan hệ gia đình?Chắc hẳn điều mà các bậc cha mẹ không mong muốn là có “ranh giới” giữa các thành viên trong gia đình, nhưng sau khi đọc cuốn sách này chắc hẳn bạn sẽ thay đổi suy nghĩ đó. “Ranh giới” cần tồn tại như thế nào và tại sao? Tất cả đều có trong Cha Mẹ, Thanh Thiếu Niên &amp; Những Ranh Giới.Quyển sách gồm 30 chương, tập trung vào 2 nội dung chính là:- Mối quan hệ của bậc cha mẹ với những đứa con ở tuổi dậy thì- Hai mươi thành phần cấu thành những mối quan hệ cha mẹ - con cái lành mạnhMời bạn đón đọc.</p>                                                  										', 'ttds'),
(34, '100 Thắc Mắc Của Mọi Bà Mẹ Mới Sinh Con', 'Nhiều tác giả', '    03/2018', 56, 'book34.jpg', '  																							  																						Sự xuất hiện của em bé là một sự kiện hạnh phúc… nhưng sẽ nhanh chóng được tiếp nối bởi nỗi lo của cha mẹ với biết bao thắc mắc:* Bé của tôi không chịu ngủ một mình, làm sao đây? * Tại sao bé không chịu bú bình? * Bé nhỏ nhắn thì khi lớn có bị nhỏ con không? * Tiêm chủng cho bé có là bắt buộc không? * Cho bé ngồi bô từ lúc nào? * Tại sao bé mãi không chịu nói?Bằng những giải đáp rõ ràng, các bác sĩ nhi, bác sĩ hộ sản, nhà tư vấn nuôi con bằng sữa mẹ, nhà tâm lý nhi khoa… sẽ đồng hành cùng các bậc cha mẹ trong thể nghiệm mới mẻ của họ trong cuốn sách này.Sách có sự hợp tác của Magicmaman, trang web được nhiều người xem nhất tại Pháp với hơn 4 triệu lượt xem mỗi ngày.Mời bạn đón đọc.</p>                                                  										', 'ttds'),
(35, 'Cha Mẹ Vô Điều Kiện', 'Alfie Kohn', '    04/2018', 103, 'book35.jpg', '  																							  																						“Cha mẹ vô điều kiện” là cuốn sách sẽ khiến cha mẹ có cái nhìn hoàn toàn khác về tình yêu thương dành cho con trẻ.Thực tế, chúng ta có xu hướng yêu quý những đứa trẻ ngoan ngoãn, biết vâng lời hơn là những đứa trẻ nghịch ngợm. Cũng giống như việc chúng ta thường hay thỏa thuận với trẻ rằng nếu con không ngồi yên mẹ sẽ không cho con đi siêu thị nữa, nếu con không trật tự thì con sẽ không được ăn tối... Tất cả những điều đó đã vô tình khiến chúng ta đã đặt điều kiện cho thứ tình yêu vốn thiêng liêng và thuần khiết nhất.Phụ huynh nào cũng từng dùng hình phạt để dạy bảo con, nhưng đã bao giờ họ tự hỏi việc dùng hình phạt có giúp trẻ tiến bộ và hiệu quả lâu dài hay không? Và nếu việc dùng hình phạt có hiệu quả thật thì tại sao cha mẹ phải dùng đi dùng lại nó mãi, thậm chí với cấp độ phạt nặng hơn?Tương tự như hình phạt thì dùng phần thưởng để khuyến khích trẻ sẽ khiến trẻ bị mất đi động lực nội sinh. Khi làm việc, nếu phần thưởng càng nhiều người ta càng dễ mất đi sự thích thú và đam mê trong công việc vì họ mải làm để nhận phần thưởng.Do đó dùng phần thưởng hay hình phạt để khuyến khích và khuyên răn con không còn là cách nuôi dạy hiệu quả nữa. Cuốn sách này cũng chỉ ra cho cha mẹ thấy rằng việc dùng hình phạt sẽ gây ra những hậu quả như thế nào, cha mẹ có nên kiểm soát quá mức và đặt ra những áp lực thành tích cho trẻ hay không. Và đâu mới là cách tốt nhất để thể hiện tình yêu thương vô điều kiện.Tủ sách Người Mẹ Tốt trân trọng giới thiệu tới độc giả cuốn sách “Cha mẹ vô điều kiện” của Alfie Kohn, tác giả của 14 cuốn sách và rất nhiều bài báo về hành vi của con người, chủ đề giáo dục và phương pháp nuôi dạy trẻ. Các cuốn sách của ông được dịch ra nhiều ngôn ngữ như Nhật Bản, Hàn Quốc, Tây Ban Nha, Đức, Italy, Nga, Trung Quốc...Hy vọng cuốn sách này sẽ là chìa khóa để mở cánh cửa yêu thương vô điều kiện giữa cha mẹ và con cái.Mời bạn đón đọc.</p>                                                  										', 'ttds'),
(36, 'Ăn Dặm Kiểu Nhật (Tái Bản 2018)', 'Niihara Keiko', '    03/2018', 100, 'book36.jpg', '  																							  																						Bạn đã làm cha mẹ. Và bạn có lúng túng với bước đầu cho bé yêu ăn dặm?Giai đoạn ăn dặm có vai trò là giai đoạn chuẩn bị để trẻ chuyển từ bú mẹ, uống sữa ngoài sang \"nhai nát và nuốt\". Điều quan trọng của giai đoạn này không chỉ là cho trẻ ăn và theo dõi đảm bảo sự phát triển của trẻ mà còn phải theo dõi chức năng ăn và lôi kéo hợp lý sự ham thích ăn của trẻ, làm cho trẻ tự lập. Để làm được những việc đó, thống nhất quan điểm là rất quan trọng, phải thống nhất về việc lựa chọn thực phẩm, lượng ăn, cách ăn, những người lớn xung quanh giúp đỡ như thế nào. Tuy nhiên việc ăn dặm là việc hàng ngày. Bạn có đang băn khoăn trăn trở nên cho trẻ ăn gì, ăn bao nhiêu, ăn như thế nào không. Trong giai đoạn lần đầu tiên bé tiếp xúc với thức ăn, nếu mọi người xung quanh bé quá nhạy cảm, lo lắng về bữa ăn dặm của trẻ, lo lắng đó sẽ truyền sang bé và thường làm mất đi không khí của bữa ăn vốn dĩ là vui vẻ.Chính vì thế, đúng như tiêu đề của cuốn sách, tôi giới thiệu những công thức nấu ăn đơn giản mà ai cũng có thể làm được trong thời gian ngắn bởi nó \"đơn giản\", \"dễ làm\" và những công thức nấu ăn phong phú sáng tạo ví dụ như chia từ thức ăn của người lớn, thực đơn sử dụng baby food... Ngoài ra còn nói rất cẩn thận về những thực phẩm cần phải cân nhắc khi trẻ bị ốm, dị ứng thực phẩm. Hơn nữa, cuốn sách cũng có cả những công thức nấu ăn khi bị dị ứng để bữa ăn dặm không trở nên nhàm chán.Ngoài ra, chắc hẳn theo từng lứa tuổi, các bạn cũng nhiều điều nghi hoặc như \"con tôi tỏ ra thích không thích nhiều thứ, liệu có vấn đề gì không\", \"nên cân bằng sữa mẹ và ăn dặm như thế nào\"??? Cuốn sách này cũng đã chuẩn bị những câu trả lời dễ hiểu cho những câu hỏi như vậy ở phần Q&amp;A. Nếu đọc phần đó bạn sẽ dễ dàng hiểu được từ bây giờ nên làm cái gì, như thế nào và bạn có thể đối diện với trẻ bằng sự rộng lượng bao dung của mình.Hãy tiếp xúc với trẻ bằng tấm lòng bao dung, rộng mở và chia sẻ cùng trẻ bữa ăn dặm vui vẻ. Mong rằng cuốn sách này sẽ trở thành cẩm nang giúp bạn chia sẻ thời gian ăn dặm vui vẻ cùng với trẻ.Mời bạn đón đọc.</p>                                                  										', 'ttds');
INSERT INTO `book` (`id_book`, `name`, `author`, `publish_year`, `price`, `link_image`, `description`, `id_type`) VALUES
(37, 'Sáng Tạo Không Áp Đặt', 'Julia Cameron', '    03/2018', 95, 'book37.jpg', '  																							  																						Đã có lần nào bạn lắng nghe lời con tỉ tê “một cách hiệu quả” chưa? Đã bao giờ bạn tôn trọng sở thích của con chưa, hay bạn chỉ muốn “gò” con trở thành người có sở thích, ước mơ theo ý bạn? Đã khi nào bạn không tán thưởng khích lệ những ý tưởng, hoài bão của con vì theo bạn nó hết sức “vớ vẩn” chưa? Có phải bạn từng có suy nghĩ phó thác toàn bộ công cuộc ươm mầm hạt giống của mình cho nhà trường, vốn chỉ coi trọng khuôn mẫu và thành tích, nhưng trong thâm tâm lại muốn con trở thành một con người có khả năng tư duy độc lập, giải quyết vấn đề một cách sáng tạo, hiệu quả, có khả năng làm chủ công việc và cuộc sống của mình mà không rập khuôn? Bạn có nhận thấy mình đang tự mâu thuẫn hay không? Vậy thì đây là cuốn sách dành cho bạn.Cuốn sách Sáng tạo không áp đặt là chìa khóa vàng dành cho các phụ huynh muốn khám phá khả năng sáng tạo của bản thân và của con thông qua các bài tập trải nghiệm thực tiễn dễ thực hiện. Cuốn sách sẽ đem đến những thay đổi tích cực cho gia đình, sự nhàm chán đã nhường chỗ cho những hành trình mới đầy thú vị.Cha mẹ sẽ học cách thư giãn cùng con, quên đi áp lực tự tạo cho bản thân cũng như cho con mình, thoải mái đồng hành cùng con với tư duy tích cực để bắt đầu hành trình khám phá sáng tạo. sự tự tin, tự lập trong suy nghĩ, khả năng tự học... Qua đó, trẻ sẽ làm chủ cuộc sống của chính mình.Mời bạn đón đọc.</p>                                                  										', 'ttds'),
(38, 'Bakingfun - Mùi Của Bếp', 'Vũ Ánh Nguyệt', '    03/2018', 180, 'book38.jpg', '  																							  																						Tiếp nối thành công đáng kinh ngạc từ cuốn sách “Bakingfun – Hành trình bếp bánh”, tác giả Vũ Ánh Nguyệt thêm một lần nữa khẳng định tên tuổi của mình trong giới bếp bánh với ấn phẩm cookbook thứ hai – “Bakingfun – Mùi của bếp”.Hơn 30 CÔNG THỨC BÁNH MÌ ĐỈNH CAO được tác giả Vũ Ánh Nguyệt nghiên cứu và thực hiện cho đến nhuần nhuyễn trong suốt một thời gian dài để hôm nay đây có thể mang tới cho độc giả. Bên cạnh đó, không thể thiếu những nguyên tắc căn bản về bánh mì được tác giả đúc rút và tóm gọn trong phần mở đầu của cuốn sách.&nbsp;Việc làm bánh chắc chắn sẽ không còn quá khó khăn nếu như bạn có trong tay cuốn sách này. Bởi với những dòng hướng dẫn tỉ mỉ, cặn kẽ về từng loại bánh trái, về từng loại nguyên liệu cũng như các bước thực hiện, về cả những lỗi cơ bản thường gặp và cách khắc phục chúng, những người mới bắt đầu làm quen với bếp bánh cũng có thể tự làm ra cho mình những chiếc bánh khiến bản thân tự hào.&nbsp;Còn với những đầu bếp đã quá quen thuộc với bánh trái thì sao? Các bạn đừng vội bỏ qua cuốn sách này nhé. Bởi không chỉ có những công thức đơn giản, dễ thực hiện mà cuốn sách này còn mang đến cho các bạn những công thức tuyệt hảo khác, giúp cho bạn có thể chinh phục được những món bánh khó nhằn, độc đáo và không phải thức bánh nào cũng có thể tìm thấy ngoài thị trường.&nbsp;“Bakingfun – Mùi của bếp” với chất lượng 5* cả về hình thức lẫn nội dung sẽ làm hài lòng những bạn đọc khó tính nhất.Mời bạn đón đọc.</p>                                                  										', 'ttds'),
(39, 'Hỏi Bác Sĩ Nhi Đồng', 'Bác sĩ Trương Hữu Khanh', '    03/2018', 63, 'book39.jpg', '  																							  																						Gần một đời nghề làm việc với trẻ em, gần một đời nghề tiếp xúc với bệnh nhi, làm việc tại Khoa Nhiễm - Thần kinh của Bệnh viện Nhi Đồng 1, nơi “đầu sóng ngọn gió” về dịch bệnh, Bác sĩ Trương Hữu Khanh thấu hiểu những khó khăn, lo lắng và nhiều vấn đề cha mẹ các bé quan tâm và hỏi han trong quá trình chăm sóc con cái. Với mong muốn chia sẻ, giải thích những khúc mắc của&nbsp; cha mẹ các bé, bác sĩ đã mở fanpage Hỏi bác sĩ nhi đồng, giải đáp mọi vấn đề bệnh trẻ em, và trở thành một địa chỉ tin cậy của nhiều bà mẹ bỉm sữa.Từ ý tưởng tập hợp một cách có hệ thống toàn bộ những bài viết có tính hỏi đáp giữa cha mẹ trẻ em và bác sĩ nhi vào trong một cuốn cẩm nang nhỏ, hữu ích, thiết thực, để làm sách gối đầu giường cho các bà mẹ bỉm sữa, cuốn sách Hỏi bác sĩ nhi đồng đã ra đời. Trong đó, bác sĩ Trương Hữu Khanh sẽ giải đáp hầu hết những thắc mắc về bệnh thường gặp ở trẻ em, từ bệnh liên quan đến hô hấp, đường ruột, bệnh ngoài da, bệnh nhiễm, cho đến toàn bộ những kiến thức về tiêm chủng, vắc xin, vấn đề dinh dưỡng, ăn dặm…Mời bạn đón đọc.</p>                                                  										', 'ttds'),
(40, 'Sách Chỉ Dành Cho Đàn Ông', 'Ewa Kempisty-Jeznach', '    03/2018', 76, 'book40.jpg', '  																							  																						Tác giả trình bày những khảo sát của mình về tác động của nội tiết tố&nbsp;nam đối với toàn bộ các cơ quan của người đàn ông với mong muốn,&nbsp;sau khi đọc cuốn sách này, các đấng mày râu sẽ hiểu rõ sự thật, rằng&nbsp;mệnh lệnh thời đại là hãy ra tay cứu vớt nòi giống gentleman tuyệt vời.Những biện pháp ngăn chặn tình trạng sụt giảm, sau đó khôi phục&nbsp;nồng độ testosteron thích hợp trong cơ thể đàn ông - những liệu pháp&nbsp;chống lại quá trình “đàn bà hóa” thế giới.&nbsp;Cuốn sách được coi là Cẩm nang dành cho quý ông để trở thành đàn&nbsp;ông đích thực.Mời bạn đón đọc.\r\n</p>                                                  										', 'ttds'),
(41, 'One-Punch Man - Tập 15', 'One ', '    04/2018', 20, 'book41.jpg', '  																							  																						One-Punch Man&nbsp;là một bộ manga về siêu anh hùng Saitama, người luôn luôn giải quyết đối thủ chỉ bằng một cú đấm. Cuốn sách hứa hẹn sẽ oanh tạc những ngày nhàm chán của quý vị.Một đấm chết luôn! Người hùng Saitama quá mạnh, bất cứ ác nhân hay quái thú nào gặp anh cũng đều bị hạ gục dễ dàng chỉ sau 1 cú đấm! Truyền thuyết về người hùng lãnh đạm bắt đầu!!Đừng bỏ lỡ bộ Manga về siêu anh hùng rất được kì vọng trong mùa xuân 2017!! Người hùng 1 đấm sắp xuất hiện dưới một hình thức đẹp nhất và được bộ đôi Barbie Ayumi ft. Mokey King đầu tư công phu nhất...!!Với bìa rời + giấy xốp dày chắc chắn bạn sẽ phải ngất ngây và trầm trồ trước ấn phẩm này!!Mời bạn đón đọc.</p>                                                  										', 'tn'),
(42, 'Combo Sam & Watson (Bộ 4 Cuốn)', 'Bérengère Delaporte', '    04/2018', 108, 'book42.jpg', '  																							  																						Chúng ta già đi để là gì? Tại sao mọi người không thích điều đó? Bé hay e ngại trước những thay đổi bất ngờ của cuộc đời, bé gặp khó khăn trong việc tập bơi, tập đọc hay leo cây?..., và nhiều câu hỏi và các vấn đề khác mà các bé thường gặp như thế trong cuộc sống. Làm thế nào để bé biết đón nhận, cảm thông và vượt qua những trở ngại. Câu chuyện của Sam và Watson sẽ là bài học giúp bé thổi bay những cơn giận của mình, đối mặt với thử thách một cách diệu kỳ và hiểu về các giai đoạn chuyển đổi của sự sống.Chuyện kể về cậu bạn Sam và mèo Watson, hai bạn đã có những ngày bên nhau thật vui và đang nhớ. Sam đã học rất nhiều điều từ mèo Watson. Chẳng hạn như, khi Sam đang hờn dỗi trong căn phòng của mình, mèo Watson bạn đã chỉ cho cậu ta một bí quyết kỳ diệu: làm thế nào để biến tâm trạng bão tố của mình thành một bầu trời trong lành và vui vẻ. Một bài đọc nhạy cảm và nhân từ để giải quyết vấn đề bằng cách nhìn nhận, và biết cách quản lý cảm xúc và những cuộc khủng hoảng nhỏ mà đôi khi chúng ta phải đối mặt với chúng.Bộ chuyện Sam &amp; Watson gồm 4 quyển:&nbsp;Nhìn bằng trái tim; Phát triển lòng tự tin; Kết thúc để bắt đầu; Thổi bay cơn giận.&nbsp;Với những nét vẽ và hình minh họa tự nhiên, trong trẻo giàu cảm xúc, mỗi câu chuyện giản dị, gần gũi, hài hước trong chuyện của Sam và mèo Watson, các bạn nhỏ sẽ nhận thấy những giá trị của cuộc sống rằng chúng ta phải nhìn và đón nhận mọi việc bằng trái tim, biết yêu thương và chia sẻ, biết cho đi để nhận lại, biết mỗi sự kết thúc để bắt đầu. Đặc biệt, bộ sách giúp trẻ phát triển chỉ số SQ (thông minh xã hội) giúp bé tăng thêm sự khôn khéo, biết cách xử lý và ứng xử hành động, cảm xúc của mình với người lớn, thầy cô, bạn bè và trong lớp học.&nbsp;Mời bạn đón đọc.\r\n</p>                                                  										', 'tn'),
(43, 'Hunter x Hunter - Tập 20', 'Yoshihiro Togashi', '    04/2018', 20, 'book43.jpg', '  																							  																						2 năm trước khi câu chuyện bắt đầu, Ging Freeccs để lại đứa con trai của mình, Gon Freecss, với dì của Gon, Mito ở Đảo Cá Voi. Cả cuộc đời này, Gon đã được kể rằng cha mẹ cậu đã qua đời, cho đến khi&nbsp;tình cờ phát hiện ra rằng Ging Freecss cha mình vẫn còn sống và là một Hunter cự phách, cậu bé Gon quyết chí rời đảo Cá Voi để lên đường tham dự kì thi tuyển Hunter và tìm cha.Hunters là những thành viên ưu tú của nhân loại, được chứng nhận qua cuộc thử thách đầy khắc nghiệt. Hunter được hưởng rất nhiều ưu đãi, đa phần đều giàu có, có thể giúp đỡ cho xã hội hoặc ngược lại, hoạt động bất chấp luật pháp ngoại trừ 10 điều luật của Hunter. Gon rời nhà của mình để trở thành một Hunter giống như cha cậu bằng cách tham gia cuộc thi Hunter.Mời bạn đón đọc.</p>                                                  										', 'tn'),
(44, 'Lớp Học Mật Ngữ - Tập 8 (Tặng Kèm Đề Can 12 Cung Hoàng Đạo) -  Phát Hành Dự Kiến  05/05/2018', 'B.R.O', '    05/05/2018', 16, 'book44.jpg', '  																							  																						Các fan của Lớp học mật ngữ hồ hởi khoe: “Mình vừa xem vừa… gật gù vì truyện mô tả “chuẩn không cần chỉnh” tính cách của từng cung hoàng đạo”. Có bạn còn kể, bình thường ba mẹ không ủng hộ sở thích đọc truyện tranh nhưng riêng Lớp học mật ngữ thì ba mẹ cho tiền mua ngay. Có nhiều phụ huynh còn cùng các bạn đi khắp các nhà sách “săn” lại các tập cũ cho đủ bộ nữa.&nbsp;Bạn đã từng đọc tập Lớp học mật ngữ nào chưa? Nếu chưa, vẫn có thể bất đầu từ tập này để giải mã vì sao bộ truyện tranh Việt Nam 100% lại gây sốt suốt thời gian qua như thế nhé! Còn nếu là bạn đọc trung thành của Lớp học mật ngữ thì bạn càng không thể bỏ qua tập 8 này đâu nha!Có gì ở Lớp học mật ngữ tập 8?Nếu xem “lười” là một khái niệm tương đối, thì tùy vào góc nhìn mà “lười” tạo nên sự tiêu cực hay tích cực. Và dĩ nhiên, với 12 cung hoàng đạo của chúng ta thì cũng có ti tỉ những cách thức khác nhau để thoát khỏi cơn lười biếng. Hãy xem để biết cách 12 chòm sao bấm nút tiễn em “mèo lười” thế nào nhé!&nbsp;Ngoài ra, những câu chuyện hài hước quen thuộc và bộ đề can 12 cung xinh xắn vẫn sẽ có mặt để cùng bạn thưởng thức một mùa Hè rực rỡ.Mời bạn đón đọc.</p>                                                  										', 'tn'),
(45, '200 Câu Hỏi Và Lời Giải Đáp - Vũ Trụ (Tái Bản 2018)', 'Rahul Singhal &amp; Xact Team', '    2018', 31, 'book45.jpg', '  																							  																						Trên thị trường hiện nay, có rất nhiều sách về khoa học nhưng vẫn không thể giải đáp hết những thắc mắc vô tận của trẻ nhỏ. Tuyển tập&nbsp;200 Câu hỏi và Lời giải đáp&nbsp;là bộ sưu tập 20 cuốn sách với các chủ đề khác nhau, mỗi cuốn có 200 câu hỏi và lời giải đáp, ngắn gọn, chính xác. Các tập sách bao gồm:&nbsp;Thế giới động vật, Thế giới thực vật, Vũ trụ, Trái Đất, Đại dương và Dòng sông, Những phát minh và Khám phá, Những nhà thám hiểm, Những kỳ quan thế giới, Máy móc và Công cụ, Các loài khủng long, Nghệ thuật và Văn hóa, Giải phẫu học, Những công trình kiến trúc lịch sử, Những nền văn minh cổ đại, Các môn thể thao, Những người nổi tiếng, Vận chuyển và Truyền thông, Thế giới khoa học, Các quốc gia trên thế giới&nbsp;và cuối cùng là cuốn&nbsp;Các hoàng đế và Đế chế&nbsp;sẽ giải đáp vô vàn những thắc mắc mà trẻ em quan tâm. Ngoài nội dung thông tin chọn lọc, lôi cuốn, bộ sách còn chứa đựng rất nhiều các hình ảnh minh họa sinh động. Hy vọng tuyển tập&nbsp;200 Câu hỏi và Lời giải đáp&nbsp;này sẽ đem tới cho các độc giả nhỏ tuổi những giờ phút đọc sách thú vị và bổ ích.- Chắc hẳn các em rất tò mò muốn biết về thế giới khủng long đúng không? Các em có biết tại sao khủng long lại to đến vậy? Khủng long ăn thịt và khủng long ăn cỏ khác nhau thế nào? Hay loài khủng long nào lớn nhất, thông minh nhất?...- Còn các em yêu thích bộ môn thiên văn học, có lẽ cũng có vô số những câu hỏi như: vũ trụ có cấu trúc như thế nào? Những ngôi sao được hình thành ra sao? Vệ tinh nào lớn nhất Hệ Mặt Trời? Hay nhà du hành nào bay vào vũ trụ đầu tiên?...- Các em có thắc mắc về chính cơ thể của mình không? Não làm gì khi chúng ta ngủ nhỉ? Ký ức của chúng ta được hình thành như thế nào? Tại sao chúng ta đổ mồ hôi? Con người có thể nhận biết bao nhiêu mùi hương? Và tại sao chúng ta cần phải hít thở?...- Với những em muốn khám phá về các đại dương và dòng sông trên thế giới, các em sẽ trả lời được rất nhiều những câu hỏi như: Đại dương nào lớn nhất thế giới? Hiện tượng El Nino là gì? Tại sao lại có hiện tượng sóng thần? Dòng sông nào dài nhất châu Á? Những dòng sông nào nổi tiếng ở châu Á, châu Phi?- Hay các em có muốn biết thêm về những nhà thám hiểm nổi tiếng thế giới không? Ai là người đã khám phá ra châu Phi? Ai là người đã phát hiện ra Thái Bình Dương nhỉ? Christopher Comlumbus khám phá ra châu Mỹ vào năm nào?- Ngoài ra, còn có hàng loạt các câu hỏi về những chủ đề khác như: khoa học, thể thao, máy móc và công cụ, thế giới động vật, thế giới thực vật, vận chuyển và truyền thông, những người nổi tiếng thế giới, những công trình kiến trúc lịch sử,... tất cả sẽ được giải đáp trong bộ sách&nbsp;200 Câu hỏi và Lời giải đáp. Còn chờ gì nữa, các em hãy nhanh tay chọn cho mình những cuốn sách yêu thích nhất và cùng khám phá nào!Mời bạn đón đọc.\r\n</p>                                                  										', 'tn'),
(46, '200 Câu Hỏi Và Lời Giải Đáp - Thế Giới Động Vật (Tái Bản 2018)', 'Rahul Singhal &amp; Xact Team', '    2018', 31, 'book46.jpg', '  																							  																						Trên thị trường hiện nay, có rất nhiều sách về khoa học nhưng vẫn không thể giải đáp hết những thắc mắc vô tận của trẻ nhỏ. Tuyển tập&nbsp;200 Câu hỏi và Lời giải đáp&nbsp;là bộ sưu tập 20 cuốn sách với các chủ đề khác nhau, mỗi cuốn có 200 câu hỏi và lời giải đáp, ngắn gọn, chính xác. Các tập sách bao gồm:&nbsp;Thế giới động vật, Thế giới thực vật, Vũ trụ, Trái Đất, Đại dương và Dòng sông, Những phát minh và Khám phá, Những nhà thám hiểm, Những kỳ quan thế giới, Máy móc và Công cụ, Các loài khủng long, Nghệ thuật và Văn hóa, Giải phẫu học, Những công trình kiến trúc lịch sử, Những nền văn minh cổ đại, Các môn thể thao, Những người nổi tiếng, Vận chuyển và Truyền thông, Thế giới khoa học, Các quốc gia trên thế giớivà cuối cùng là cuốnCác hoàng đế và Đế chếsẽ giải đáp vô vàn những thắc mắc mà trẻ em quan tâm. Ngoài nội dung thông tin chọn lọc, lôi cuốn, bộ sách còn chứa đựng rất nhiều các hình ảnh minh họa sinh động. Hy vọng tuyển tập&nbsp;200 Câu hỏi và Lời giải đáp&nbsp;này sẽ đem tới cho các độc giả nhỏ tuổi những giờ phút đọc sách thú vị và bổ ích.- Chắc hẳn các em rất tò mò muốn biết về thế giới khủng long đúng không? Các em có biết tại sao khủng long lại to đến vậy? Khủng long ăn thịt và khủng long ăn cỏ khác nhau thế nào? Hay loài khủng long nào lớn nhất, thông minh nhất?...- Còn các em yêu thích bộ môn thiên văn học, có lẽ cũng có vô số những câu hỏi như: vũ trụ có cấu trúc như thế nào? Những ngôi sao được hình thành ra sao? Vệ tinh nào lớn nhất Hệ Mặt Trời? Hay nhà du hành nào bay vào vũ trụ đầu tiên?...- Các em có thắc mắc về chính cơ thể của mình không? Não làm gì khi chúng ta ngủ nhỉ? Ký ức của chúng ta được hình thành như thế nào? Tại sao chúng ta đổ mồ hôi? Con người có thể nhận biết bao nhiêu mùi hương? Và tại sao chúng ta cần phải hít thở?...- Với những em muốn khám phá về các đại dương và dòng sông trên thế giới, các em sẽ trả lời được rất nhiều những câu hỏi như: Đại dương nào lớn nhất thế giới? Hiện tượng El Nino là gì? Tại sao lại có hiện tượng sóng thần? Dòng sông nào dài nhất châu Á? Những dòng sông nào nổi tiếng ở châu Á, châu Phi?- Hay các em có muốn biết thêm về những nhà thám hiểm nổi tiếng thế giới không? Ai là người đã khám phá ra châu Phi? Ai là người đã phát hiện ra Thái Bình Dương nhỉ? Christopher Comlumbus khám phá ra châu Mỹ vào năm nào?- Ngoài ra, còn có hàng loạt các câu hỏi về những chủ đề khác như: khoa học, thể thao, máy móc và công cụ, thế giới động vật, thế giới thực vật, vận chuyển và truyền thông, những người nổi tiếng thế giới, những công trình kiến trúc lịch sử,... tất cả sẽ được giải đáp trong bộ sách&nbsp;200 Câu hỏi và Lời giải đáp.&nbsp;Còn chờ gì nữa, các em hãy nhanh tay chọn cho mình những cuốn sách yêu thích nhất và cùng khám phá nào!Mời bạn đón đọc.\r\n</p>                                                  										', 'tn'),
(47, '200 Câu Hỏi Và Lời Giải Đáp - Giải Phẫu Học (Tái Bản 2018)', 'Rahul Singhal &amp; Xact Team', '    2018', 31, 'book47.jpg', '  																							  																						Trên thị trường hiện nay, có rất nhiều sách về khoa học nhưng vẫn không thể giải đáp hết những thắc mắc vô tận của trẻ nhỏ. Tuyển tập&nbsp;200 Câu hỏi và Lời giải đáp&nbsp;là bộ sưu tập 20 cuốn sách với các chủ đề khác nhau, mỗi cuốn có 200 câu hỏi và lời giải đáp, ngắn gọn, chính xác. Các tập sách bao gồm:&nbsp;Thế giới động vật, Thế giới thực vật, Vũ trụ, Trái Đất, Đại dương và Dòng sông, Những phát minh và Khám phá, Những nhà thám hiểm, Những kỳ quan thế giới, Máy móc và Công cụ, Các loài khủng long, Nghệ thuật và Văn hóa, Giải phẫu học, Những công trình kiến trúc lịch sử, Những nền văn minh cổ đại, Các môn thể thao, Những người nổi tiếng, Vận chuyển và Truyền thông, Thế giới khoa học, Các quốc gia trên thế giớivà cuối cùng là cuốnCác hoàng đế và Đế chếsẽ giải đáp vô vàn những thắc mắc mà trẻ em quan tâm. Ngoài nội dung thông tin chọn lọc, lôi cuốn, bộ sách còn chứa đựng rất nhiều các hình ảnh minh họa sinh động. Hy vọng tuyển tập&nbsp;200 Câu hỏi và Lời giải đáp&nbsp;này sẽ đem tới cho các độc giả nhỏ tuổi những giờ phút đọc sách thú vị và bổ ích.- Chắc hẳn các em rất tò mò muốn biết về thế giới khủng long đúng không? Các em có biết tại sao khủng long lại to đến vậy? Khủng long ăn thịt và khủng long ăn cỏ khác nhau thế nào? Hay loài khủng long nào lớn nhất, thông minh nhất?...- Còn các em yêu thích bộ môn thiên văn học, có lẽ cũng có vô số những câu hỏi như: vũ trụ có cấu trúc như thế nào? Những ngôi sao được hình thành ra sao? Vệ tinh nào lớn nhất Hệ Mặt Trời? Hay nhà du hành nào bay vào vũ trụ đầu tiên?...- Các em có thắc mắc về chính cơ thể của mình không? Não làm gì khi chúng ta ngủ nhỉ? Ký ức của chúng ta được hình thành như thế nào? Tại sao chúng ta đổ mồ hôi? Con người có thể nhận biết bao nhiêu mùi hương? Và tại sao chúng ta cần phải hít thở?...- Với những em muốn khám phá về các đại dương và dòng sông trên thế giới, các em sẽ trả lời được rất nhiều những câu hỏi như: Đại dương nào lớn nhất thế giới? Hiện tượng El Nino là gì? Tại sao lại có hiện tượng sóng thần? Dòng sông nào dài nhất châu Á? Những dòng sông nào nổi tiếng ở châu Á, châu Phi?- Hay các em có muốn biết thêm về những nhà thám hiểm nổi tiếng thế giới không? Ai là người đã khám phá ra châu Phi? Ai là người đã phát hiện ra Thái Bình Dương nhỉ? Christopher Comlumbus khám phá ra châu Mỹ vào năm nào?- Ngoài ra, còn có hàng loạt các câu hỏi về những chủ đề khác như: khoa học, thể thao, máy móc và công cụ, thế giới động vật, thế giới thực vật, vận chuyển và truyền thông, những người nổi tiếng thế giới, những công trình kiến trúc lịch sử,... tất cả sẽ được giải đáp trong bộ sách&nbsp;200 Câu hỏi và Lời giải đáp.&nbsp;Còn chờ gì nữa, các em hãy nhanh tay chọn cho mình những cuốn sách yêu thích nhất và cùng khám phá nào!Mời bạn đón đọc.\r\n</p>                                                  										', 'tn'),
(48, 'Bách Khoa Thư Kỳ Diệu Cho Trẻ Em - Các Loài Khủng Long (Tái Bản 2018)', 'Rahul Singhal &amp; Xact Team', '    2018', 31, 'book48.jpg', '  																							  																						Từ 7-14 tuổi, trẻ bắt đầu hình thành thói quen học tập, tiếp nhận kiến thức và nhìn nhận nhiều hơn về thế giới, cuộc sống, tự nhiên của con người.Bách khoa thư kỳ diệu cho trẻ em&nbsp;với 20 tập sách mỏng, cung cấp những thông tin và hình ảnh chân thực về:&nbsp;Thế giới động vật, Bản đồ thế giới, Các loài chim, Sa mạc, Các loài khủng long, Trái Đất, Các loài hoa, Những phát minh vĩ đại, Các nhà thám hiểm, Người ngoài hành tinh, Giải phẫu cơ thể người, Bò sát và lưỡng cư, Bắc Cực và Nam Cực, Thế giới thực vật, Đại dương và các dòng sông, Xác ướp và kim tự tháp, Động vật có vú, Côn trùng và các loài nhện, Động vật dưới nước, Rừng.Bộ sách dẫn đường đưa em đến với thế giới tri thức, khoa học, lịch sử, địa lí, các nền văn minh thành tựu của con người, thế giới tự nhiên gần gũi xung quanh mà ẩn chứa bao điều kỳ thú, bất ngờ. Đây thực sự là một bộ bách khoa thư chứa đựng nhiều thông tin về tự nhiên xã hội mà ngay cả các thầy cô giáo trên lớp cũng chưa từng nhắc tới.Bách khoa thư kỳ diệu cho trẻ em&nbsp;sẽ cùng các bạn nhỏ phiêu lưu và khám phá: Mây hình thành do đâu? Xác ướp Ai Cập là những ai? Khủng long làm sao lại biến mất? Chúng thực ra đã sống như thế nào? Các nhà thám hiểm phát hiện ra những điều gì? Người ngoài hành tinh có tồn tại không?... Và còn nhiều những câu hỏi \"cực đỉnh\" khác được trả lời ngắn gọn, súc tích và dễ hiểu.Những kiến thức sẽ giúp em tự tin, am hiểu về thế giới và trở thành những nhà khoa học nhí đáng khâm phục.Mời bạn đón đọc.\r\n</p>                                                  										', 'tn'),
(49, 'Tiếng Anh Thật Vui - Động Vật Quanh Em (Tái Bản 2018)', 'Tịnh Lâm', '    03/2018', 34, 'book49.jpg', '  																							  																						Bộ sách như một thế giới thu nhỏ, qua đó dạy bé học số, nhận biết màu sắc, xe cộ, con vật. Sách có sắc màu tươi sáng, giúp kích thích phát triển thị giác của bé. Khi tay bé nhẹ nhàng mở các trang sách, một cuộc hành trình nhận thức phi thường bắt đầu. Sách còn giúp bé và cha mẹ cùng tận hưởng niềm vui, hạnh phúc ở bên nhau.Mời bạn đón đọc.</p>                                                  										', 'tn'),
(50, 'Tiếng Anh Thật Vui - Chữ Số (Tái Bản 2018)', 'Tịnh Lâm', '    03/2018', 34, 'book50.jpg', '  																							  																						Bộ sách như một thế giới thu nhỏ, qua đó dạy bé học số, nhận biết màu sắc, xe cộ, con vật. Sách có sắc màu tươi sáng, giúp kích thích phát triển thị giác của bé. Khi tay bé nhẹ nhàng mở các trang sách, một cuộc hành trình nhận thức phi thường bắt đầu. Sách còn giúp bé và cha mẹ cùng tận hưởng niềm vui, hạnh phúc ở bên nhau.Mời bạn đón đọc.</p>                                                  										', 'tn'),
(51, 'Expert On Cambridge IELTS Practice Tests 8 (Kèm 1 CD)', 'Hai Jim', '    06/2017', 78, 'book51.jpg', '  																							  																						IELTS (The International English Language Testing System) là kỳ thi quốc tế để đánh giá khả năng sử dụng tiếng Anh của các thí sinh với mục đích du học, định cư hay làm việc tại những nước sử dụng tiếng Anh là ngôn ngữ chính. Đây cũng là kì thi giúp thí sinh, những người có nhu cầu sử dụng tiếng Anh như ngôn ngữ giao tiếp chính trong công việc và học tập, xác định trình độ tiếng Anh của mình. IELTS đánh giá toàn diện 4 kỹ năng nghe, nói, đọc, viết với 2 loại hình thi Học thuật (Academic) và Tổng quát (General Training). Bài thi bao gồm 4 phần thi: nghe, nói, đọc và viết. Đối với loại hình học thuật (Academic) và Tổng quát (General Training), bài thi sẽ giống nhau ở phần thi nghe, nói và sẽ khác nhau ở phần thi đọc, viết.Chúng tôi phát hành bộ sách luyện thi IELTS&nbsp;“Expert on Cambridge IELTS Practice Tests”&nbsp;với mục đích giúp các bạn rèn luyện kỹ năng tiếng Anh và ôn thi một cách hiệu quả. Bộ sách học tiếng Anh này được biên soạn bởi tác giả Hai Jim, người đã tham gia giảng dạy nhiều năm và có nhiều uy tín trong việc luyện thi IELTS tại Việt Nam. Đủ bộ sách gồm 10 cuốn, mỗi cuốn gồm 6 bài test luyện thi với cấu trúc và nội dung tương tự bài thi IELTS quốc tế.Đặc biệt, phần đầu mỗi cuốn sách có cung cấp cách thức làm bài với từng kỹ năng cụ thể, giúp người học dễ nắm bắt và nhanh chóng đạt hiệu quả cao trong quá trình luyện tập. Đáp án được đưa ra cuối các bài test, cùng với thang chấm điểm và trình độ tương ứng với từng mức điểm giúp người học tự đánh giá được trình độ của mình và có căn cứ để cải thiện khả năng ở từng kỹ năng cụ thể.Mời bạn đón đọc.\r\n</p>                                                  										', 'thnn'),
(52, 'Expert On Cambridge IELTS Practice Tests 7 (Kèm 1 CD)', 'Hai Jim', '    03/2018', 78, 'book52.jpg', '  																							  																						IELTS (The International English Language Testing System) là kỳ thi quốc tế để đánh giá khả năng sử dụng tiếng Anh của các thí sinh với mục đích du học, định cư hay làm việc tại những nước sử dụng tiếng Anh là ngôn ngữ chính. Đây cũng là kì thi giúp thí sinh, những người có nhu cầu sử dụng tiếng Anh như ngôn ngữ giao tiếp chính trong công việc và học tập, xác định trình độ tiếng Anh của mình. IELTS đánh giá toàn diện 4 kỹ năng nghe, nói, đọc, viết với 2 loại hình thi Học thuật (Academic) và Tổng quát (General Training). Bài thi bao gồm 4 phần thi: nghe, nói, đọc và viết. Đối với loại hình học thuật (Academic) và Tổng quát (General Training), bài thi sẽ giống nhau ở phần thi nghe, nói và sẽ khác nhau ở phần thi đọc, viết.Chúng tôi phát hành bộ sách luyện thi IELTS&nbsp;“Expert on Cambridge IELTS Practice Tests”&nbsp;với mục đích giúp các bạn rèn luyện kỹ năng tiếng Anh và ôn thi một cách hiệu quả. Bộ sách học tiếng Anh này được biên soạn bởi tác giả Hai Jim, người đã tham gia giảng dạy nhiều năm và có nhiều uy tín trong việc luyện thi IELTS tại Việt Nam. Đủ bộ sách gồm 10 cuốn, mỗi cuốn gồm 6 bài test luyện thi với cấu trúc và nội dung tương tự bài thi IELTS quốc tế.Đặc biệt, phần đầu mỗi cuốn sách có cung cấp cách thức làm bài với từng kỹ năng cụ thể, giúp người học dễ nắm bắt và nhanh chóng đạt hiệu quả cao trong quá trình luyện tập. Đáp án được đưa ra cuối các bài test, cùng với thang chấm điểm và trình độ tương ứng với từng mức điểm giúp người học tự đánh giá được trình độ của mình và có căn cứ để cải thiện khả năng ở từng kỹ năng cụ thể.Mời bạn đón đọc.\r\n</p>                                                  										', 'thnn'),
(53, 'Tự Học IELTS  Speaking & Writing', 'Nguyễn Mai Đức', '    03/2017', 36, 'book53.jpg', '  																							  																						Kỳ thi tiếng Anh IELTS được chia làm 4 kỹ năng, bao gồm Listening, Reading, Writing và Speaking. Trong đó hai phần kỹ năng gây nhiều khó khăn cho các thí sinh là Speaking và Writing bởi lẽ chúng đòi hỏi sự sáng tạo, quan điểm cá nhân, sự suy nghĩ đa chiều và hiểu biết về các vấn đề xã hội.Chính vì thế, ở cuốn sách \"Tự học Speaking và Writing\" lần này, tập trung vào phân tích, hướng dẫn, cung cấp những ví dụ thực tế, bài mẫu và lời khuyên cho phần Speaking và Writing. Hy vọng những thông tin cung cấp trong cuốn sách này sẽ là chìa khoá để bạn thành công trong kỳ thi IELTS nói chung và phần Speaking và Writing nói riêng.Mời bạn đón đọc.</p>                                                  										', 'thnn'),
(54, 'Expert On Cambridge IELTS Practice Tests 6 (Kèm 1 CD)', 'Hai Jim', '    06/2016', 78, 'book54.jpg', '  																							  																						IELTS (The International English Language Testing System) là kỳ thi quốc tế để đánh giá khả năng sử dụng tiếng Anh của các thí sinh với mục đích du học, định cư hay làm việc tại những nước sử dụng tiếng Anh là ngôn ngữ chính. Đây cũng là kì thi giúp thí sinh, những người có nhu cầu sử dụng tiếng Anh như ngôn ngữ giao tiếp chính trong công việc và học tập, xác định trình độ tiếng Anh của mình. IELTS đánh giá toàn diện 4 kỹ năng nghe, nói, đọc, viết với 2 loại hình thi Học thuật (Academic) và Tổng quát (General Training). Bài thi bao gồm 4 phần thi: nghe, nói, đọc và viết. Đối với loại hình học thuật (Academic) và Tổng quát (General Training), bài thi sẽ giống nhau ở phần thi nghe, nói và sẽ khác nhau ở phần thi đọc, viết.Chúng tôi phát hành bộ sách luyện thi IELTS&nbsp;“Expert on Cambridge IELTS Practice Tests”&nbsp;với mục đích giúp các bạn rèn luyện kỹ năng tiếng Anh và ôn thi một cách hiệu quả. Bộ sách học tiếng Anh này được biên soạn bởi tác giả Hai Jim, người đã tham gia giảng dạy nhiều năm và có nhiều uy tín trong việc luyện thi IELTS tại Việt Nam. Đủ bộ sách gồm 10 cuốn, mỗi cuốn gồm 6 bài test luyện thi với cấu trúc và nội dung tương tự bài thi IELTS quốc tế.Đặc biệt, phần đầu mỗi cuốn sách có cung cấp cách thức làm bài với từng kỹ năng cụ thể, giúp người học dễ nắm bắt và nhanh chóng đạt hiệu quả cao trong quá trình luyện tập. Đáp án được đưa ra cuối các bài test, cùng với thang chấm điểm và trình độ tương ứng với từng mức điểm giúp người học tự đánh giá được trình độ của mình và có căn cứ để cải thiện khả năng ở từng kỹ năng cụ thể.Mời bạn đón đọc.\r\n</p>                                                  										', 'thnn'),
(55, 'Expert On Cambridge IELTS Practice Tests 4 (Kèm 1 CD)', 'Hai Jim', '    06/2016', 78, 'book55.jpg', '  																							  																						IELTS (The International English Language Testing System) là kỳ thi quốc tế để đánh giá khả năng sử dụng tiếng Anh của các thí sinh với mục đích du học, định cư hay làm việc tại những nước sử dụng tiếng Anh là ngôn ngữ chính. Đây cũng là kì thi giúp thí sinh, những người có nhu cầu sử dụng tiếng Anh như ngôn ngữ giao tiếp chính trong công việc và học tập, xác định trình độ tiếng Anh của mình. IELTS đánh giá toàn diện 4 kỹ năng nghe, nói, đọc, viết với 2 loại hình thi Học thuật (Academic) và Tổng quát (General Training). Bài thi bao gồm 4 phần thi: nghe, nói, đọc và viết. Đối với loại hình học thuật (Academic) và Tổng quát (General Training), bài thi sẽ giống nhau ở phần thi nghe, nói và sẽ khác nhau ở phần thi đọc, viết.Chúng tôi phát hành bộ sách luyện thi IELTS&nbsp;“Expert on Cambridge IELTS Practice Tests”&nbsp;với mục đích giúp các bạn rèn luyện kỹ năng tiếng Anh và ôn thi một cách hiệu quả. Bộ sách học tiếng Anh này được biên soạn bởi tác giả Hai Jim, người đã tham gia giảng dạy nhiều năm và có nhiều uy tín trong việc luyện thi IELTS tại Việt Nam. Đủ bộ sách gồm 10 cuốn, mỗi cuốn gồm 6 bài test luyện thi với cấu trúc và nội dung tương tự bài thi IELTS quốc tế.Đặc biệt, phần đầu mỗi cuốn sách có cung cấp cách thức làm bài với từng kỹ năng cụ thể, giúp người học dễ nắm bắt và nhanh chóng đạt hiệu quả cao trong quá trình luyện tập. Đáp án được đưa ra cuối các bài test, cùng với thang chấm điểm và trình độ tương ứng với từng mức điểm giúp người học tự đánh giá được trình độ của mình và có căn cứ để cải thiện khả năng ở từng kỹ năng cụ thể.Mời bạn đón đọc.\r\n</p>                                                  										', 'thnn'),
(56, 'Expert On Cambridge IELTS Practice Tests 3 (Kèm 1 CD)', 'Hai Jim', '    03/2018', 78, 'book56.jpg', '  																							  																						IELTS (The International English Language Testing System) là kỳ thi quốc tế để đánh giá khả năng sử dụng tiếng Anh của các thí sinh với mục đích du học, định cư hay làm việc tại những nước sử dụng tiếng Anh là ngôn ngữ chính. Đây cũng là kì thi giúp thí sinh, những người có nhu cầu sử dụng tiếng Anh như ngôn ngữ giao tiếp chính trong công việc và học tập, xác định trình độ tiếng Anh của mình. IELTS đánh giá toàn diện 4 kỹ năng nghe, nói, đọc, viết với 2 loại hình thi Học thuật (Academic) và Tổng quát (General Training). Bài thi bao gồm 4 phần thi: nghe, nói, đọc và viết. Đối với loại hình học thuật (Academic) và Tổng quát (General Training), bài thi sẽ giống nhau ở phần thi nghe, nói và sẽ khác nhau ở phần thi đọc, viết.Chúng tôi phát hành bộ sách luyện thi IELTS&nbsp;“Expert on Cambridge IELTS Practice Tests”&nbsp;với mục đích giúp các bạn rèn luyện kỹ năng tiếng Anh và ôn thi một cách hiệu quả. Bộ sách học tiếng Anh này được biên soạn bởi tác giả Hai Jim, người đã tham gia giảng dạy nhiều năm và có nhiều uy tín trong việc luyện thi IELTS tại Việt Nam. Đủ bộ sách gồm 10 cuốn, mỗi cuốn gồm 6 bài test luyện thi với cấu trúc và nội dung tương tự bài thi IELTS quốc tế.Đặc biệt, phần đầu mỗi cuốn sách có cung cấp cách thức làm bài với từng kỹ năng cụ thể, giúp người học dễ nắm bắt và nhanh chóng đạt hiệu quả cao trong quá trình luyện tập. Đáp án được đưa ra cuối các bài test, cùng với thang chấm điểm và trình độ tương ứng với từng mức điểm giúp người học tự đánh giá được trình độ của mình và có căn cứ để cải thiện khả năng ở từng kỹ năng cụ thể.Mời bạn đón đọc.\r\n</p>                                                  										', 'thnn'),
(57, 'Expert On Cambridge IELTS Practice Tests 2 (Kèm 1 CD)', 'Hai Jim', '    12/2015', 78, 'book57.jpg', '  																							  																						IELTS (The International English Language Testing System) là kỳ thi quốc tế để đánh giá khả năng sử dụng tiếng Anh của các thí sinh với mục đích du học, định cư hay làm việc tại những nước sử dụng tiếng Anh là ngôn ngữ chính. Đây cũng là kì thi giúp thí sinh, những người có nhu cầu sử dụng tiếng Anh như ngôn ngữ giao tiếp chính trong công việc và học tập, xác định trình độ tiếng Anh của mình. IELTS đánh giá toàn diện 4 kỹ năng nghe, nói, đọc, viết với 2 loại hình thi Học thuật (Academic) và Tổng quát (General Training). Bài thi bao gồm 4 phần thi: nghe, nói, đọc và viết. Đối với loại hình học thuật (Academic) và Tổng quát (General Training), bài thi sẽ giống nhau ở phần thi nghe, nói và sẽ khác nhau ở phần thi đọc, viết.Chúng tôi phát hành bộ sách luyện thi IELTS&nbsp;“Expert on Cambridge IELTS Practice Tests”&nbsp;với mục đích giúp các bạn rèn luyện kỹ năng tiếng Anh và ôn thi một cách hiệu quả. Bộ sách học tiếng Anh này được biên soạn bởi tác giả Hai Jim, người đã tham gia giảng dạy nhiều năm và có nhiều uy tín trong việc luyện thi IELTS tại Việt Nam. Đủ bộ sách gồm 10 cuốn, mỗi cuốn gồm 6 bài test luyện thi với cấu trúc và nội dung tương tự bài thi IELTS quốc tế.Đặc biệt, phần đầu mỗi cuốn sách có cung cấp cách thức làm bài với từng kỹ năng cụ thể, giúp người học dễ nắm bắt và nhanh chóng đạt hiệu quả cao trong quá trình luyện tập. Đáp án được đưa ra cuối các bài test, cùng với thang chấm điểm và trình độ tương ứng với từng mức điểm giúp người học tự đánh giá được trình độ của mình và có căn cứ để cải thiện khả năng ở từng kỹ năng cụ thể.Mời bạn đón đọc.\r\n</p>                                                  										', 'thnn'),
(58, 'Expert On Cambridge IELTS Practice Tests 1 (Kèm 1 CD)', 'Hai Jim', '    03/2018', 78, 'book58.jpg', '  																							  																						IELTS (The International English Language Testing System) là kỳ thi quốc tế để đánh giá khả năng sử dụng tiếng Anh của các thí sinh với mục đích du học, định cư hay làm việc tại những nước sử dụng tiếng Anh là ngôn ngữ chính. Đây cũng là kì thi giúp thí sinh, những người có nhu cầu sử dụng tiếng Anh như ngôn ngữ giao tiếp chính trong công việc và học tập, xác định trình độ tiếng Anh của mình. IELTS đánh giá toàn diện 4 kỹ năng nghe, nói, đọc, viết với 2 loại hình thi Học thuật (Academic) và Tổng quát (General Training). Bài thi bao gồm 4 phần thi: nghe, nói, đọc và viết. Đối với loại hình học thuật (Academic) và Tổng quát (General Training), bài thi sẽ giống nhau ở phần thi nghe, nói và sẽ khác nhau ở phần thi đọc, viết.Chúng tôi phát hành bộ sách luyện thi IELTS “Expert on Cambridge IELTS Practice Tests” với mục đích giúp các bạn rèn luyện kỹ năng tiếng Anh và ôn thi một cách hiệu quả. Bộ sách học tiếng Anh này được biên soạn bởi tác giả Hai Jim, người đã tham gia giảng dạy nhiều năm và có nhiều uy tín trong việc luyện thi IELTS tại Việt Nam. Đủ bộ sách gồm 10 cuốn, mỗi cuốn gồm 6 bài test luyện thi với cấu trúc và nội dung tương tự bài thi IELTS quốc tế.Đặc biệt, phần đầu mỗi cuốn sách có cung cấp cách thức làm bài với từng kỹ năng cụ thể, giúp người học dễ nắm bắt và nhanh chóng đạt hiệu quả cao trong quá trình luyện tập. Đáp án được đưa ra cuối các bài test, cùng với thang chấm điểm và trình độ tương ứng với từng mức điểm giúp người học tự đánh giá được trình độ của mình và có căn cứ để cải thiện khả năng ở từng kỹ năng cụ thể.Mời bạn đón đọc.</p>                                                  										', 'thnn'),
(59, '3.000 Ngữ Động Từ Tiếng Anh Và Cách Dùng', 'Ngọc Yên', '    03/2018', 84, 'book59.jpg', '  																							  																						Cụm động từ là sự kết hợp của các động từ thường như put, take, come, và go với các tiểu từ như in, out, on, và off. Chúng là một phần rất quan trọng của tiếng Anh được dùng hằng ngày. Người học tiếng Anh cần phải có sự hiểu biết cơ bản về các cụm động từ thông dụng nhất cũng như về các danh từ và tính từ thông dụng được tạo thành từ các cụm động từ.Nhằm giúp bạn đọc hiểu rõ hơn về cách dùng cũng như ý nghĩa của chúng, chúng tôi đã biên soạn quyển sách “3000 ngữ động từ tiếng Anh và cách dùng” này.Mỗi phần của sách bắt đầu với phần FOCGS ON, giải thích điều quan trọng về các cụm động từ. Sau đó là tám cụm động từ và phần giải thích ý nghĩa quan trọng của mỗi cụm động từ và có kèm theo các ví dụ về mỗi ý nghĩa. Sau đó là một số bài tập để gíup bạn hiểu và nhớ ý nghĩa của các cụm động từ cũng như cách dùng chúng trong câu. Mỗi cụm động từ được ôn lại ít nhất hai lầm ở phần sau của sách. Các cụm động từ có tính chất thành ngữ được ôn lại thường xuyên hơn và những ý nghĩa quan trọng hơn của các cụm động từ có nhiều nghĩa cũng được ôn lại thường xuyên.Với bố cục và nội dung phong phú như đã nêu trên, chúng tôi tin rằng quyển sách này sẽ giúp ích nhiều cho bạn đọc trong quá trình học và sử dụng tiếng Anh của mình.Mời bạn đón đọc.</p>                                                  										', 'thnn'),
(60, '145 Bài Học Ngữ Pháp Tiếng Anh Thường Dùng', 'Thiên Phúc', '    03/2018', 112, 'book60.jpg', '  																							  																						Nhằm giúp bạn đọc nắm vững ngữ pháp tiếng Anh một cách dễ dàng, chúng tôi trân trọng giới thiệu quyển sách “145 Bài học Ngữ pháp Tiếng Anh thường dùng” này.Sách hướng dẫn ngữ pháp từ cơ bản đến nâng cao dành cho các bạn đang học tiếng Anh. Sách đặc biệt chú trọng về cách dùng, các ví dụ và bài tập áp dụng để bạn đọc có thể tự nắm vững kiến thức ngữ pháp như nhận biết các thì, các cấu trúc câu, cải thiện vốn từ vựng v.v.Với bố cục đơn giản, ngắn gọn, dễ hiểu, dễ nhớ cùng với nhiều ví dụ và các bài tập thực hành, chúng tôi tin rằng quyển sách này sẽ giúp ích nhiều cho bạn đọc trong quá trình học tiếng Anh của mình.Mời bạn đón đọc.</p>                                                  										', 'thnn'),
(61, 'Pogba - Trở Về Để Tỏa Sáng', 'Luca Caioli', '    03/2018', 102, 'book61.jpg', '  																							  																						Câu chuyện về cuộc đời, sự nghiệp bóng đá của cầu thủ Pogba, từ khi còn là một đứa trẻ, trải qua các câu lạc bộ khác nhau, với những bước tiến, thăng trầm, với những vụ chuyển nhượng gây chú ý, để rồi quay trở lại tiếp tục cống hiến cho Manchester United.&nbsp;Paul đã được chào đón với một tràng vỗ tay không ngớt khi bước vào sân vận động Old Trafford. Những người hâm mộ đội bóng áo đỏ này coi Paul như cậu con trai chơi bời của mình quay trở về nhà. Họ yêu cậu. Paul đã chiếm được tình cảm của nhiều người, đặc biệt là những đứa trẻ tự hào mặc chiếc áo đỏ số 6 xếp hàng dọc theo những con phố bao quanh sân vận động.Mời bạn đón đọc.</p>                                                  										', 'cn'),
(62, 'Cẩm Nang Cho Bạn Yêu Nhiếp Ảnh', 'Nancy Honovich', '    03/2018', 76, 'book62.jpg', '  																							  																						THÔNG TIN PHONG PHÚ, dễ hiểu và&nbsp; vô cùng vui nhộn, Cẩm nang cho bạn yêu nhiếp ảnh chứa mọi điều bạn cần biết để tự tin bấm máy. Sau khi tham khảo những lời khuyên thực tế cho mọi lứa&nbsp; tuổi về đủ loại máy ảnh: trên điện thoại thông minh, SLR, ngắm chụp hay chụp dưới nước, các nhiếp ảnh gia trẻ tuổi đã đủ lông đủ cánh cho cuộc đọ sức với dân nhà nghề.\r\nMời bạn đón đọc.                                                  										', 'cn'),
(63, 'Bệnh Vợ Chồng - Cách Phòng & Điều Trị', 'Khắc Trường', '    2014', 34, 'book63.jpg', '  																							  																						Phần I: Phụ nữ - Sức khỏe - Tình dụcPhần II: Các vấn đề về tình dục ở nữ giớiPhần III: Các vấn đề về tình dục ở nam giớiPhần IV: Những điều cần biết trong quan hệ tình dụcPhần V: Các bệnh lây truyền qua đường tình dục và cách chữa trịMời bạn đón đọc.</p>                                                  										', 'cn'),
(64, '550 Bài Thuốc Đông Y Gia Truyền Trị Bách Bệnh', 'Quốc Trung', '    09/2016', 45, 'book64.jpg', '  																							  																						Từ xa xưa tới nay cha ông ta có rất nhiều những bài thuốc dân gian trị bách bệnh rất hiệu quả. Cách chữa bệnh này tuy đơn giản nhưng hiệu quả của nó lại rất hữu hiệu.Nhưng làm thế nào để các bạn biết được các bài thuốc này như thế nào? cho nên chúng tôi sẽ giới thiệu tới độc giả cuốn sách “550 Bài thuốc đông y gia truyền trị bách bệnh”.Các bài thuốc trong cuốn sách y học được tập hợp từ nhiều nguồn tư liệu và từ những kinh nghiệm quý báu của dân gian. Đây là tư liệu tham khảo để người đọc có thể sử dụng những cây, lá, củ, quả dễ tìm ở quanh ta để chữa các bệnh thông thường và rất hiệu quả.Mời bạn đón đọc.</p>                                                  										', 'cn'),
(65, 'Sách Cam', 'Osho', '    03/2018', 40, 'book65.jpg', '  																							  																						Cuốn \"Sách Cam\" này là tuyển tập những phương pháp thiền mà Osho đã giới thiệu trong nhiều năm cùng với những chắt lọc và trích dẫn từ nhiều cuốn sách về những buổi sáng trò chuyện và darshan buổi tối.Mời bạn đón đọc.                                                  										', 'cn'),
(66, 'Giấc Ngủ - Liều Thuốc Bổ Cho Cuộc Sống', 'Minh Tuấn', '    2014', 30, 'book66.jpg', '  																							  																						Ngủ là một nhu cầu sinh lý tất yếu của mỗi người và cũng tác động nhiều đến sức khỏe và cuộc sống. Tuy nhiên, không phải ai cũng nhận thức được tầm quan trọng của giấc ngủ. Để làm rõ hơn về vấn đề này, mời bạn đón đọc cuốn sách&nbsp;“Giấc ngủ - Liều thuốc bổ cho cuộc sống”&nbsp;của hai tác giả Minh Tuấn và Khánh Hương.Cũng giống như việc ăn uống, ngủ là một trong những cơ sở để chúng ta tồn tại. Giấc ngủ giúp con người xóa bỏ những mệt mỏi, tăng cường hoạt động của trí não, tích lũy năng lượng cho cơ thể, kích thích sự phát triển của cơ thể, nâng cao khả năng miễn dịch… Nhưng ngủ bao nhiêu là đủ? Tư thế nằm ngủ thế nào là hợp lý? Điều kiện môi trường hay những hành vi nào có lợi cho giấc ngủ? Mất ngủ sẽ ảnh hưởng như thế nào đến cuộc sống? Cách khắc phục và điều trị chứng mất ngủ?… Đó là nỗi băn khoăn, thắc mắc của rất nhiều người. Với những phân tích trên góc độ khoa học và những lời khuyên bổ ích, cuốn sách giúp bạn có thêm những kiến thức, hiểu biết về giấc ngủ, từ đó thay đổi tư duy, điều chỉnh thói quen để tận hưởng những giấc ngủ ngon.&nbsp;Chỉ khi được ngủ đầy đủ và ngon giấc, chúng ta mới có một cơ thể khỏe mạnh, một tinh thần tỉnh táo tràn đầy năng lượng để học tập, làm việc hiệu quả và tận hưởng những niềm vui, ý nghĩa của cuộc sống.Mời bạn đón đọc.</p>                                                  										', 'cn'),
(67, '365 Mẹo Vặt Dân Gian Trị Bệnh', 'Hồng Hạnh', '    09/2016', 43, 'book67.jpg', '  																							  																						Mang đúng đặc trưng của dân gian, các bài thuốc, món ăn và mẹo vặt được giới thiệu trong cuốn “365 mẹo vặt dân gian trị bệnh” đều sử dụng những nguyên liệu tự nhiên, có trong dân gian, vườn nhà và rất dễ kiếm, dễ chế biến. Ví dụ như:- Chữa đái buốt bằng rau má: Dùng rau má giã nhuyễn, chắt nước cốt uống.- Chữa táo bón: Nước mía, mật ong mỗi thứ 1 cốc nhỏ, trộn đều uống lúc đói, ngày 2 lần vào buổi sáng, chiều.- Chữa rối loạn tiêu hóa: dứa 1 quả và quýt hai quả, ép lấy nước uống.- Chữa cao huyết áp bằng cà rốt, thịt gà xào cần tây, cháo cà chua, canh song nhĩ...Cung cấp rất nhiều nội dung phong phú và bổ ích, cuốn sách phù hợp với mọi đối tượng độc giả và đặc biệt là các chị em phụ nữ trong gia đình – những người thường quán xuyến công việc nội trợ, để từ đó xây dựng được một chế độ sinh hoạt khoa học cho cả gia đình, giảm thiểu những bệnh tật, nguy cơ gây hại và nâng cao sức khỏe của mọi thành viên, giữ gìn hạnh phúc gia đình.Mời bạn đón đọc.</p>                                                  										', 'cn'),
(68, 'Những Câu Hỏi Đáp Về Phòng Tránh Thai An Toàn', 'Ngọc Dung', '    06/2013', 30, 'book68.jpg', '  																							  																						Việc nạo phá thai không những ảnh hưởng đến sức khỏe về thể chất mà còn ảnh hưởng nghiêm trọng đến sức khỏe tâm thần của phụ nữ (có thể kéo dài đến suốt cuộc đời), do cảm thấy tội lỗi với đứa con bị bỏ. Do vậy, làm thế nào để không “lỡ”, không lo lắng bị “dính”… để duy trì một đời sống tình dục viên mãn, chủ động trong kế hoạch tương lai, không làm gián đoạn hay ảnh hưởng tới các kế hoạch khác, sinh con vào thời điểm phù hợp nhất… luôn là vấn đề chị em phụ nữ quan tâm.\r\nMời bạn đón đọc.                                                  										', 'cn'),
(69, 'Bệnh Viêm Gan - Cách Phòng & Điều Trị', 'Nguyễn Văn Ba', '    06/2015', 37, 'book69.jpg', '  																							  																						Viêm gan là tình trạng tổn thương tế bào gan. Viêm gan thường có rối loạn tiêu hóa, sốt, nôn mửa, mệt mỏi, chán ăn, có kèm theo vàng da đi tiểu sẫm màu hoặc không. Nguyên nhân hay gặp nhất là do virus, ngoài ra còn có các nguyên nhân khác như do rượu, do một số thuốc hoặc hóa chất. Sự tiến triển của viêm gan rất thay đổi, có khi khỏi hẳn rất nhanh nhưng cũng có khi tiến triển dẫn tới xơ gan hoặc trở thành mạn tính.Cuốn sách Bệnh Viêm Gan - Cách Phòng &amp; Điều Trị nằm trong Tủ Sách Y Học Phổ Thông sẽ cung cấp cho bạn những kiến thức hữu ích nhằm nhận biết, phòng ngừa và điều trị hiệu quả các dạng bệnh viêm gan thường gặp như: viêm gan B, viêm gan C, viêm gan D, viêm gan E…Với những kiến thức dựa trên cơ sở khoa học nhưng mang tính phổ thông, phù hợp với nhiều đối tượng độc giả, đây sẽ là cuốn sách cần thiết có trong tủ sách chăm sóc sức khỏe gia đình bạn.&nbsp;Mời bạn đón đọc.</p>                                                  										', 'cn'),
(70, 'Luật Hấp Dẫn - Vận Dụng Luật Hấp Dẫn Để Thành Công Và Giàu Có', 'Phạm Anh Dũng', '    12/2016', 206, 'book70.jpg', '  																							  																						Luật hấp dẫn là một đề tài khá phức tạp cả về lý thuyết lẫn trên thực nghiệm. Tác giả đã nghiên cứu khá nhiều cuốn sách viết về luật hấp dẫn và cách vận dụng chúng. Tuy nhiên hầu hết các học giả chỉ viết tập trung về phần thực hành, chủ yếu dựa vào kinh nghiệm cá nhân và cách làm việc nghiêm túc của họ cùng với một tư duy tích cực để có thể thành công và giàu có mà hầu như không hề giải thích được các lý thuyết này dưới góc nhìn sự vật hiện tượng theo vật lý học hiện đại vì điều này là quá phức tạp và vượt quá khả năng hiểu biết của một người bình thường. Do vậy mà luật hấp dẫn lại càng bí ẩn và càng khó hiểu, nó gây ra khá nhiều sự khó khăn và lúng túng cho độc giả. Một quy luật nếu không được giải thích một cách rõ ràng và thấu đáo thì làm sao chúng ta có thể vận dụng nó tốt được. Trong phần lý thuyết và thực tiễn, tác giả đã cố gắng đưa ra khá nhiều sự giải thích thực tế dưới cái nhìn khoa học từ các ngành vật lý, hóa học, thiên văn học, thực vật học, thuyết tiến hóa, di truyền học, thần kinh học, tâm lý học, kinh tế học và các học thuyết về các quy luật tự nhiên khác,…Để có thể thật sự hiểu được luật hấp dẫn, các bạn cần phải tư duy khá nhiều và có khả năng tưởng tượng phong phú gần như là siêu tưởng đến vô tưởng, kiểu tư duy lạ lùng của Isaac Newton khi thấy “trái táo rơi để có thể khám phá ra định luật vạn vật hấp dẫn” hay là tư duy theo Alber Einstein, ông có những kiểu tư duy thật lạ đời như: “có thể cưỡi trên một sóng ánh sáng với vận tốc 300.000 km/s để đi dạo chơi và quan sát vạn vật trong vũ trụ để khám phá ra thuyết tương đối và cơ học lượng tử”. Nếu có lời khen tặng danh fcho Einstein thì đó là câu “Thiên tài và là cha đẻ của tốc độ tư duy” Đây là kiểu tư duy khá lạ, nếu các bạn có thể học và vận dụng được kiểu tư duy này thì chân trời khoa học trong con người bạn đã thực sự bắt đầu trỗi dậy. Các bạn chỉ cần có thời gian để có thể tự đi du hành vũ trụ trong tư duy ấy với tốc độ khá nhanh và khá hiệu quả.Mời bạn đón đọc.</p>                                                  										', 'cn'),
(71, 'Luyện Viết Tiếng Anh Lớp 5 - Tập 2', 'Mai Lan Hương', '    03/2018', 18, 'book71.jpg', '  																							  																						Cuốn sách được xây dựng nhằm hỗ trợ, rèn luyện và nâng cao kỹ năng viết tiếng Anh của học sinh, qua việc làm quen với từ vựng, cấu trúc câu và mỗi chữ cái tiếng Anh chuẩn được sử dụng phổ biến trên thế giới.Ngoài kỹ năng viết, sách còn xây dựng nội dung xung quanh các chủ đề giao tiếp thường thức gần gũi của học sinh với bạn bè, thầy cô và gia đình, cùng các dạng bài tập suy luận, sắp xếp câu, đố vui kết hợp với tập viết chữ. Bên cạnh đó là những hình ảnh minh họa chọn lọc, gần gũi với môi trường học tập ở Việt Nam, hỗ trợ các em trong mỗi bài tập.Mời bạn đón đọc.</p>                                                  										', 'gkgt'),
(72, 'Luyện Viết Tiếng Anh Lớp 5 - Tập 1', 'Mai Lan Hương', '    03/2018', 18, 'book72.jpg', '  																							  																						Cuốn sách được xây dựng nhằm hỗ trợ, rèn luyện và nâng cao kỹ năng viết tiếng Anh của học sinh, qua việc làm quen với từ vựng, cấu trúc câu và mỗi chữ cái tiếng Anh chuẩn được sử dụng phổ biến trên thế giới.Ngoài kỹ năng viết, sách còn xây dựng nội dung xung quanh các chủ đề giao tiếp thường thức gần gũi của học sinh với bạn bè, thầy cô và gia đình, cùng các dạng bài tập suy luận, sắp xếp câu, đố vui kết hợp với tập viết chữ. Bên cạnh đó là những hình ảnh minh họa chọn lọc, gần gũi với môi trường học tập ở Việt Nam, hỗ trợ các em trong mỗi bài tập.Mời bạn đón đọc.</p>                                                  										', 'gkgt');
INSERT INTO `book` (`id_book`, `name`, `author`, `publish_year`, `price`, `link_image`, `description`, `id_type`) VALUES
(73, 'Luyện Viết Tiếng Anh Lớp 4 - Tập 2', 'Mai Lan Hương', '    03/2018', 18, 'book73.jpg', '  																							  																						Cuốn sách được xây dựng nhằm hỗ trợ, rèn luyện và nâng cao kỹ năng viết tiếng Anh của học sinh, qua việc làm quen với từ vựng, cấu trúc câu và mỗi chữ cái tiếng Anh chuẩn được sử dụng phổ biến trên thế giới.Ngoài kỹ năng viết, sách còn xây dựng nội dung xung quanh các chủ đề giao tiếp thường thức gần gũi của học sinh với bạn bè, thầy cô và gia đình, cùng các dạng bài tập suy luận, sắp xếp câu, đố vui kết hợp với tập viết chữ. Bên cạnh đó là những hình ảnh minh họa chọn lọc, gần gũi với môi trường học tập ở Việt Nam, hỗ trợ các em trong mỗi bài tập.Mời bạn đón đọc.</p>                                                  										', 'gkgt'),
(74, 'Luyện Viết Tiếng Anh Lớp 4 - Tập 1', 'Mai Lan Hương', '    03/2018', 18, 'book74.jpg', '  																							  																						Cuốn sách được xây dựng nhằm hỗ trợ, rèn luyện và nâng cao kỹ năng viết tiếng Anh của học sinh, qua việc làm quen với từ vựng, cấu trúc câu và mỗi chữ cái tiếng Anh chuẩn được sử dụng phổ biến trên thế giới.Ngoài kỹ năng viết, sách còn xây dựng nội dung xung quanh các chủ đề giao tiếp thường thức gần gũi của học sinh với bạn bè, thầy cô và gia đình, cùng các dạng bài tập suy luận, sắp xếp câu, đố vui kết hợp với tập viết chữ. Bên cạnh đó là những hình ảnh minh họa chọn lọc, gần gũi với môi trường học tập ở Việt Nam, hỗ trợ các em trong mỗi bài tập.Mời bạn đón đọc.</p>                                                  										', 'gkgt'),
(75, 'Luyện Viết Tiếng Anh Lớp 3 - Tập 2', 'Mai Lan Hương', '    03/2018', 18, 'book75.jpg', '  																							  																						Cuốn sách được xây dựng nhằm hỗ trợ, rèn luyện và nâng cao kỹ năng viết tiếng Anh của học sinh, qua việc làm quen với từ vựng, cấu trúc câu và mỗi chữ cái tiếng Anh chuẩn được sử dụng phổ biến trên thế giới.Ngoài kỹ năng viết, sách còn xây dựng nội dung xung quanh các chủ đề giao tiếp thường thức gần gũi của học sinh với bạn bè, thầy cô và gia đình, cùng các dạng bài tập suy luận, sắp xếp câu, đố vui kết hợp với tập viết chữ. Bên cạnh đó là những hình ảnh minh họa chọn lọc, gần gũi với môi trường học tập ở Việt Nam, hỗ trợ các em trong mỗi bài tập.Mời bạn đón đọc.</p>                                                  										', 'gkgt'),
(76, 'Luyện Viết Tiếng Anh Lớp 3 - Tập 1', 'Mai Lan Hương', '    03/2018', 18, 'book76.jpg', '  																							  																						Cuốn sách được xây dựng nhằm hỗ trợ, rèn luyện và nâng cao kỹ năng viết tiếng Anh của học sinh, qua việc làm quen với từ vựng, cấu trúc câu và mỗi chữ cái tiếng Anh chuẩn được sử dụng phổ biến trên thế giới.Ngoài kỹ năng viết, sách còn xây dựng nội dung xung quanh các chủ đề giao tiếp thường thức gần gũi của học sinh với bạn bè, thầy cô và gia đình, cùng các dạng bài tập suy luận, sắp xếp câu, đố vui kết hợp với tập viết chữ. Bên cạnh đó là những hình ảnh minh họa chọn lọc, gần gũi với môi trường học tập ở Việt Nam, hỗ trợ các em trong mỗi bài tập.Mời bạn đón đọc.                                                  										', 'gkgt'),
(77, 'Sổ Tay Tiếng Anh 12 (Ấn Bản 2017)', 'Mai Lan Hương', '    06/2017', 19, 'book77.jpg', '  																							  																						Sổ Tay Tiếng Anh Lớp 12 được biên soạn theo từng đơn vị bài học trong sách Tiếng Anh 12 của Bộ Giáo dục và Đào tạo. Mỗi đơn vị bài học gồm:&nbsp;I. Glossary (Bảng từ vựng): cung cấp tất cả các từ mới trong bài. Các từ đều được phiên âm theo hệ phiên âm quốc tế và cho nghĩa sát với nghĩa trong bài học.&nbsp;II. Grammar (Ngữ pháp): giải thích rõ ràng và chi tiết các chủ điểm ngữ pháp trong từng đơn vị bài học.&nbsp;III. Sentence Patterns (Mẫu câu): trình bày cách thành lập và cách sử dụng một số mẫu câu thông dụng.Mời bạn đón đọc.                                                    										', 'gkgt'),
(78, 'Sổ Tay Tiếng Anh 11 (Ấn Bản 2017)', 'Mai Lan Hương', '    06/2017', 17, 'book78.jpg', '  																							  																						Sổ Tay Tiếng Anh Lớp 11 được biên soạn theo từng đơn vị bài học trong sách Tiếng Anh 11 của Bộ Giáo dục và Đào tạo. Mỗi đơn vị bài học gồm:&nbsp;I. Glossary (Bảng từ vựng): cung cấp tất cả các từ mới trong bài. Các từ đều được phiên âm theo hệ phiên âm quốc tế và cho nghĩa sát với nghĩa trong bài học.&nbsp;II. Grammar (Ngữ pháp): giải thích rõ ràng và chi tiết các chủ điểm ngữ pháp trong từng đơn vị bài học.&nbsp;III. Sentence Patterns (Mẫu câu): trình bày cách thành lập và cách sử dụng một số mẫu câu thông dụng.Mời bạn đón đọc.                                                    										', 'gkgt'),
(79, 'Sổ Tay Tiếng Anh 10 (Ấn Bản 2017)', 'Mai Lan Hương', '    2017', 17, 'book79.jpg', '  																							  																						Sổ Tay Tiếng Anh Lớp 10 được biên soạn theo từng đơn vị bài học trong sách Tiếng Anh 10 của Bộ Giáo dục và Đào tạo. Mỗi đơn vị bài học gồm:&nbsp;I. Glossary (Bảng từ vựng): cung cấp tất cả các từ mới trong bài. Các từ đều được phiên âm theo hệ phiên âm quốc tế và cho nghĩa sát với nghĩa trong bài học.&nbsp;II. Grammar (Ngữ pháp): giải thích rõ ràng và chi tiết các chủ điểm ngữ pháp trong từng đơn vị bài học.&nbsp;III. Sentence Patterns (Mẫu câu): trình bày cách thành lập và cách sử dụng một số mẫu câu thông dụng.Mời bạn đón đọc.</p>                                                  										', 'gkgt'),
(80, 'Sổ Tay Tiếng Anh 9 (Ấn Bản 2017)', 'Mai Lan Hương', '    2017', 15, 'book80.jpg', '  																							  																						Sổ Tay Tiếng Anh Lớp 9 được biên soạn theo từng đơn vị bài học trong sách Tiếng Anh 9 của Bộ Giáo dục và Đào tạo. Mỗi đơn vị bài học gồm:&nbsp;I. Glossary (Bảng từ vựng): cung cấp tất cả các từ mới trong bài. Các từ đều được phiên âm theo hệ phiên âm quốc tế và cho nghĩa sát với nghĩa trong bài học.&nbsp;II. Grammar (Ngữ pháp): giải thích rõ ràng và chi tiết các chủ điểm ngữ pháp trong từng đơn vị bài học.&nbsp;III. Sentence Patterns (Mẫu câu): trình bày cách thành lập và cách sử dụng một số mẫu câu thông dụng.Mời bạn đón đọc.</p>                                                  										', 'gkgt'),
(81, 'Bitcoin Thực Hành: Những Khái Niệm Cơ Bản Và Cách Sử Dụng Đúng Đồng Tiền Mã Hóa', 'Andreas M. Antonopoulos', '    03/2018', 239, 'book81.jpg', '  																							  																						Mastering Bitcoin cung cấp các kiến thức cần thiết để giúp độc giả gia nhập thế giới của tiền ảo. Bitcoin là đồng tiền số thành công đầu tiên không do bất kỳ một chính phủ nào phát hành. Mặc dù bitcoin vẫn đang ở giai đoạn mới hình thành tuy nhiên, nó đã tạo ra đươc một nền kinh tế hàng tỉ đô. Nền kinh tế này luôn mở ra chào đón tất cả những ai có kiến thức và đam mê gia nhập. Và cuốn sách cung cấp cho bạn kiến thức, còn bạn chỉ cần theo đuổi nó với đam mê.Cuốn sách này có gì:- Giới thiệu một cách khái quát về bitcoin- Các giải thích về nền tảng công nghệ của bitcoin và tiền số- Chi tiết về mạng lưới bitcoin, cấu trúc P2P, vòng đời giao dịch, các nguyên tắc an ninh- Ngoài ra còn gồm cả những bước tiến phát triển mới như Segregated Witness, Payment Channels, and Lightning Network- Các nội dung khác liên quan đến bitcoin và công nghệ blockchain như các ứng dụng, tiền và chuỗi thay thế- Câu chuyện của những người dùng, các ví dụ, những khái niệm về kỹ thuật...Mời bạn đón đọc.</p>                                                  										', 'bc'),
(82, 'Kỷ Nguyên Tiền Điện Tử', 'Michael J. Casey', '    03/2018', 170, 'book82.jpg', '  																							  																						Từ một ảo ảnh biến thành hiện thực, từ một ý niệm trở thành hành động; và trong chưa đầy một thập kỷ, Bitcoin cùng nhiều loại tiền kỹ thuật số đã khuấy đảo cả hành tinh. Mới hôm trước, mọi thứ vẫn còn bình lặng. Nhưng chỉ sau một đêm, Bitcoin khiến toàn bộ thế giới xung quanh bạn rung chuyển. Từ “Bitcoin” xuất hiện trên mọi tít báo bạn lướt qua, và làm bùng nổ những cuộc tranh luận vô tận.Người ta có rất nhiều cách gọi tên Bitcoin. Nó là tiền điện tử, tiền ảo, hay tiền mật mã (cryptocurrency). Bạn có thể sử dụng nó để mua bất cứ thứ gì, từ cà phê đến ô tô. Nhưng kể cả khi thế giới đang đổ xô vào cuộc đầu tư qui mô toàn cầu này, vẫn thật khó để trả lời: Bitcoin thực sự là gì, và tại sao mọi người lại cần quan tâm đến Bitcoin, cũng như công nghệ đằng sau nó - công nghệ Blockchain?Paul Vigna và Michael J. Casey - bộ đôi phóng viên kinh tế dạn dày kinh nghiệm của The Wall Street - đã thực hiện cuốn sách “Kỷ nguyên tiền điện tử” để giúp độc giả có những hiểu biết cụ thể về làn sóng tiền điện tử đang dâng lên mạnh mẽ hơn bao giờ hết. Nguồn gốc, sự phát triển, chức năng, tiềm năng... - tất cả những gì bạn cần biết về tiền ảo, cũng như việc nó đang thách thức trật tự kinh tế toàn cầu ra sao - sẽ được phân tích trong cuốn sách này. Tác phẩm cung cấp bức tranh toàn cảnh về các hình thái tiền tệ, từ đó giải thích cho bạn hiểu lý do các chuyên gia mã hóa lại nảy ra ý tưởng về Blockchain và Bitcoin, và vì sao lại có nhiều người ủng hộ hệ thống tiền tệ mới này đến thế.“Kỷ nguyên tiền điện tử” đưa chúng ta đến những nơi Bitcoin và Blockchain đang hiện hữu, từ những quốc gia nghèo khó châu Phi tới lãnh địa công nghệ châu Mỹ, từ những nền kinh tế mới nổi ở châu Á tới xứ sở ngân hàng châu Âu - để thấu hiểu thực trạng nền kinh tế thế giới trước sự nổi lên của tiền điện tử, và trả lời câu hỏi hóc búa: Liệu Bitcoin và công nghệ của nó, Blockchain, có thực sự thay đổi cả thế giới như cách Internet đã làm, theo lời tiên đoán của nhiều người hay không?Hãy chuẩn bị tinh thần để cùng Vigna và Casey bước vào kỷ nguyên tiền điện tử!Mời bạn đón đọc.</p>                                                  										', 'bc'),
(83, 'Blockchain Và Đầu Tư ICOs Căn Bản - Con Đường Tới Tự Do Tài Chính', 'David Nguyễn', '    09/03/2018', 225, 'book83.jpg', '  																							  																						Hiện nay, thuật ngữ Blockchain đã trở thành từ khóa tìm kiếm phổ biến tại Việt Nam. Tuy nhiên hầu hết các tài liệu là nước ngoài và gây khó khăn cho độc giả trong việc tiếp cận. Vì sự phát triển của Blockchain Việt Nam và với mục tiêu chia sẻ kiến thức với cộng đồng, trang bị kiến thức cho các nhà đầu tư trẻ trong thị trường tiền tệ số, Satoshi Hunters And Rocking Experts phối hợp với Nhà xuất bản Thanh Niên xuất bản cuốn sách mang tên “Blockchain và đầu tư ICOs căn bản”.Nội dung sách gồm 3 phần với 25 chương.- Phần 1: Blockchain- Phần 2: ICO- Phần 3: Trade the fucking coinMời bạn đón đọc.                                                    										', 'bc'),
(84, 'Blockchain - Khởi Nguồn Cho Một Nền Kinh Tế Mới', 'Melanie Swan', '    01/2018', 159, 'book84.jpg', '  																							  																						Bitcoin đang bắt đầu bước vào giai đoạn trưởng thành trên cương vị một đồng tiền số, nhưng công nghệ Blockchain đằng sau nó có thể mang nhiều ý nghĩa lớn lao hơn. Cuốn sách này sẽ đưa bạn vượt ra khỏi phạm trù tiền tệ (“Blockchain 1.0”) và hợp đồng thông minh (“Blockchain 2.0”) để thấy blockchain có thể trở thành mô hình điện toán đột phá thứ năm (sau máy chủ cỡ lớn, máy tính cá nhân, mạng internet, và mạng di động/xã hội) như thế nào.&nbsp;Tác giả Melanie Swan, nhà sáng lập Học viện Nghiên cứu Blockchain, lý giải rằng về cơ bản, blockchain là một sổ cái công khai có tiềm năng trở thành kho lưu trữ toàn cầu phi tập trung phục vụ việc đăng ký, kiểm kê, và chuyển giao tất cả các loại tài sản – không chỉ lien quan đến tài chính mà còn bao gồm các loại tài sản hữu hình và vô hình như phiếu bầu, phần mềm, dữ liệu sức khỏe, và ý tưởng.Mời bạn đón đọc.</p>                                                  										', 'bc'),
(85, 'Internet Của Tiền Tệ', 'Andreas M. Antonopoulos', '    01/2018', 159, 'book85.jpg', '  																							  																						Cuốn sách là tập hợp các bài nói chuyện của Andreas M. Antonopoulos, một trong những chuyên gia hàng đầu thế giới về blockchain và bitcoin. Những bài nói chuyện của ông đã góp phần giúp cho một lĩnh vực vẫn còn mới mẻ, lạ lẫm và phức tạp như blockchain và bitcoin trở nên dễ hiểu và gần gũi hơn. Trong cuốn sách này, tác giả sẽ lý giải tại sao bitcoin lại là một bước đột phá về công nghệ và tài chính với những tiềm năng vượt ra ngoài tên gọi “tiền kỹ thuật số” của nó hiện nay.Đặc biệt, tác giả còn mở rộng vấn đề, bàn đến những ý nghĩa về mặt triết học, xã hội và lịch sử của bitcoin, cho thấy bitcoin – mạng internet của tiền – đã và đang mang đến những thay đổi cơ bản ra sao đối với cách thức chúng ta xử lý những vấn đề về xã hội, chính trị, và kinh tế thông qua mạng lưới phi tập trung phi tín nhiệm của bitcoin.Mời bạn đón đọc.</p>                                                  										', 'bc'),
(86, 'Bùng Nổ Bitcoin', 'Brian Kelly', '    01/2018', 248, 'book86.jpg', '  																							  																						11 giờ 30 phút tối của một ngày bình thường như bao ngày, khi tôi đang chuẩn bị đặt mình vào một giấc ngủ sâu sau bộn bề công việc, chợt điện thoại reo lên theo một giao thức kết nối miễn phí từ mạng xã hội Facebook. Đầu dây bên kia là cậu học trò cũ đang sắp hoàn thành một chương trình đào tạo Thạc sĩ nghiên cứu tại Vương quốc Anh – cũng là một trong hai trung tâm Tài chính lớn nhất của Thế giới, cách nửa vòng Trái đất. Sau một hồi chuyện trò về sức khỏe và công việc, cậu học trò có đề cập với tôi một câu mà nhiều ngày sau đó tôi khó lòng mà quên được – “Cả thế giới điên đảo vì Bitcoin”.Mặc dù lúc ấy, Bitcoin vẫn là một thứ gì đó xa vời, lạ lùng, như cách đây nhiều năm, khi tôi không có một tí khái niệm gì về việc sử dụng Facebook. Quá lạ lẫm, nhưng với quyết tâm hòa mình với làng song công nghệ. Tôi đã ra sức tìm gặp những người trong giới nghiên cứu tài chính, những cá nhân đang hoạt động tại thị trường Việt Nam, những người giao dịch hay thợ đào bitcoin ở Việt Nam để được chia sẻ nhiều hơn về Bitcoin. Những cuộc hội thảo về đồng tiền ảo, những nhóm các bạn trẻ tại “vườn thú” Google Việt Nam, những diễn đàn FINTECH của các quỹ đầu tư, các định chế tài chính quốc tế… để tìm hiểu về điều công nghệ tài chính – Bitcoin là một trong số đó. Tuy nhiên, những câu trả lời mà tôi nhận được hoàn toàn không thể thuyết phục được sự tò mò của tôi. Hầu hết mọi người chỉ nói về tiền bitcoin một cách bâng quơ như là một bong bóng sắp vỡ, một loại “tiền ảo” tương tự như “vàng ảo” đầy rủi ro bị xóa sổ cách đây nhiều năm do những gian lận, hay chỉ là một trào lưu mới nổi, không đáng bận tâm như trà chanh, xoài lắc, trà sữa… của giới sinh viên. Hoặc, tôi cũng không rõ là họ có đang cố giấu giếm tôi về một công cụ có thể sinh lợi và thay đổi mọi thứ trong tương lai hay không. Bởi vì theo kinh nghiệm nhiều năm, tôi biết rằng: “Để có thể thành công trong lĩnh vực kinh doanh thì cần phải tận dụng được sự bất cân xứng thông tin thị trường để kiếm được tỷ suất sinh lợi vượt trội. Và rất có thể, Bitcoin là mảnh ghép quan trọng trong “bức tranh” lợi nhuận của không ít người”. Cố dành thêm một vài ngày để mò mẫm trong hằng cơ số mũ cơ sở dữ liệu trên Internet. Khi đã thực sự mệt mỏi vì phải luôn xâu chuỗi những thông tin rời rạc để trả lời cho những câu hỏi: Đó là gì? Tại sao? Như thế nào? Tôi quyết định đặt mua qua Amazon bản mềm cuốn sách nhận được nhiều những đánh giá tốt nhất – “The Bitcoin Big Bang – Bùng nổ Bitcoin” này.Xuất sắc! Đó là cụm từ duy nhất mà tôi có thể diễn tả sau khi đọc xong cuốn sách này lần đầu. Mọi thông tin được diễn đạt trong cuốn sách hoàn toàn cô đọng để giúp tôi thỏa mãn được tất cả những thắc mắc và hàm ý đằng sau công nghệ Bitcoin.Cuốn sách thực sự lôi cuốn bởi vì nó như một cuốn tự truyện của tác giả về quãng thời gian hai năm gắn bó với công nghệ Bitcoin. Từ ngày đầu tiên tìm hiểu xem Bitcoin là gì, tạo tài khoản đầu tiên trên Coinbase để mua đồng bitcoin đầu tiên, cho đến khi ICO đồng tiền điện tử tự tạo đầu tiên. Mọi cảm xúc của tác giả đều được ghi lại một cách trung thực trên từng trang sách (hoài nghi, hưng phấn, lo lắng, cảm thấy may mắn…). Tất cả được hòa trộn lại trong cuốn sách này. Bên cạnh đó, theo chân tác giả, những thuật ngữ mới (chuỗi, khối, hàm băm, máy đào, ICO, khóa cá nhân, khóa công cộng…) xoay quanh Bitcoin được hé lộ, tuy nhiên, người đọc không thực sự cảm thấy khô khan nhàm chán như đang đọc một cuốn sách giáo trình học thuật; ngược lại, họ sẽ cảm thấy thực sự cuốn hút vì lối viết hóm hỉnh pha lẫn tự truyện và kiến thức chuyên sâu được lồng vào. Ở một khía cạnh khác, cuốn sách không bị loãng, “lá cải” và hời hợt theo kiểu thu hút người đọc về việc truy lùng nguồn gốc của một thiên tài ẩn danh “Satoshi Nakamoto – vị cha đẻ của Bitcoin” hay câu chuyện về những phát ngôn gây sốc của giới tài chính phố Wall nhằm thâu tóm bitcoin giá rẻ, hoặc bất kì học thuyết âm mưu nào; mà cuốn sách này được viết cho những người thực sự cần hiểu về một thứ mới mẻ có thể thay đổi nhân loại trong nay mai.Bùng nổ Bitcoin. Đúng như cái tên của nó, cuốn sách này vừa viết về cơn sốt bitcoin và so sánh nó như cơn sốt đào vàng ở Mỹ vào thế kỷ 19, vừa diễn giải về thuật toán đồng thuận giải quyết bài toán về các vị tướng Byzantine (công nghệ blockchain) – nền tảng xây dựng nên ứng dụng Bitcoin, nhưng cũng đề cập đến những thay đổi có thể xảy ra trong tương lai, ảnh hưởng đến một số ngành và thậm chí là cả kiến thức kinh tế học, quản lý đang được áp dụng ở hiện tại nếu như tiền tệ thay thế (hay tiền ảo) thực sự được chấp nhận rộng rãi. Đặc biệt hơn, tác giả hiểu được suy nghĩ của người đọc khi hướng dẫn cho người đọc khá rõ về cách tạo một ví lưu trữ bitcoin, thực hiện giao dịch và cách để đầu tư sinh lợi từ Bitcoin. Cuối cùng, tác giả cũng không quên dành ra hai phần phụ lục nhằm đề cập đến những quy định về việc chấp nhận giao dịch và quản lý các loại tiền tệ thay thế ở Mỹ.Về quan điểm, mặc dù khi viết về cuốn sách này, tác giả cũng như những nhà nghiên cứu có kinh nghiệm, những chuyên gia lâu năm trong những thị trường tiền tệ toàn cầu cho rằng “Bitcoin là bong bóng”. Tuy nhiên, tác giả vẫn hết sức đón nhận Bitcoin như là ứng dụng tuyệt vời từ nền tảng Blockchain; tác giả coi việc Satoshi Nakamoto tạo ra Bitcoin như là một đột phá tiên tiến của thế kỉ 21, sánh ngang với việc Tim Berners-Lee tạo ra mạng lưới toàn cầu (World Wide Web – khơi màu cho cách mạng công nghiệp 3.0).Tiếp nối, cuộc cách mạng công nghiệp 4.0 đang đến gần các tỷ phú thế giới, những nhà đầu tư tổ chức, nhà đầu tư cá nhân, những cộng đồng công nghệ, Chính phủ… đang sục sôi, dành toàn bộ nguồn lực để đầu tư phát triển những ứng dụng công nghệ mới dựa trên các nền tảng IoT (Internet of Things – vạn vật kết nối), Fintech, AI (Artificial Intelligence – trí thông minh nhân tạo), machine learning (máy học), cloud computing (điện toán đám mây) và tiêu biểu là công nghệ Bitcoin – blockchain. Vì vậy, dù muốn hay không thì ngay sau khi đọc xong cuốn sách này, bạn đã, đang và sẽ tiếp cận với những công nghệ đó dưới bất kì hình thức nào. Nói như Thomas L. Friedman (tác giả của cuốn “Thế giới phẳng”): “Thế giới trở nên phẳng hơn chủ yếu là nhờ nhân tố World Wide Web”, thì theo tôi: “Từ nay, thế giới sẽ trở nên minh bạch hơn, an toàn hơn, ít tiêu hao chi phí hơn nhờ có blockchain – nền tảng tạo ra bitcoin”. Tóm lại, để thành công trong tương lai tôi kì vọng rằng các bạn sẽ hiểu thêm một ít về những công nghệ mới, cụ thể là Bitcoin thay vì chỉ sử dụng chúng. “Not now then when, not you then who” – hành động ngay trước khi bạn hay tôi trở thành những con người lạc hậu, mù công nghệ của thế kỉ này.Nhóm biên dịchMời bạn đón đọc.\r\n</p>                                                  										', 'bc'),
(87, 'The Truth Machine: Blockchain Và Tương Lai Của Tiền Tệ', 'Michael J. Casey', '    04/2018', 151, 'book87.jpg', '  																							  																						Trong nền kinh tế hiện đại, những kẻ quản lý được sự truyền tải thông tin sẽ kiểm soát cả thế giới. Sự thực này đã được chứng minh bởi vị thế vững vàng và tầm ảnh hưởng ngày càng sâu rộng của Google và Facebook. Hiện nay, quyền lực chỉ nằm trong tay một số ít những gã khổng lồ công nghệ - các tập đoàn nắm quyền thu thập, lưu trữ, và chia sẻ dữ liệu.&nbsp;Vậy, điều gì sẽ xảy ra nếu quyền lực được phân tán, mọi cá nhân đều có quyền ngang nhau trong việc quản lý thông tin, và không một chính phủ, một đại doanh nghiệp nào có quyền chi phối tuyệt đối? Điều đó sẽ thành hiện thực với sự xuất hiện của Blockchain - \"cỗ máy sự thật\". Blockchain giúp ta hình dung ra một thế giới không bị thống trị bởi Google, Facebook, hay NSA - một nơi mà chính mỗi chúng ta, những thành phần cốt lõi của xã hội toàn cầu, được quyền quyết định quản lý dữ liệu của bản thân.Trong \"The truth machine: Blockchain và tương lai của tiền tệ\", Paul Vigna và Michael J. Casey đã làm sáng tỏ vấn đề blockchain và giải thích lý do tại sao nó có thể khôi phục quyền kiểm soát cá nhân đối với dữ liệu, tài sản và danh tính của chúng ta. Cuốn sách khám phá cách thức mà công nghệ này, cũng như rất nhiều ứng dụng của nó (tiêu biểu như Bitcoin) đang hoạt động nhằm tái cơ cấu lại các tổ chức xã hội, và tạo ra vô số tiềm năng vĩ đại. Nối tiếp tác phẩm \"Kỷ nguyên tiền điện tử\" đã gây tiếng vang lớn, bộ đôi tác giả tiếp tục cung cấp cho người đọc một cái nhìn tổng quan hơn về xã hội trong \"The truth machine: Blockchain và tương lai của tiền tệ\". Đọc hết tác phẩm này, và bạn sẽ hiểu được chúng ta đang đứng trước các cơ hội và thách thức như thế nào khi ứng dụng công nghệ blockchain vào cuộc sống.Mời bạn đón đọc.                                                    										', 'bc'),
(88, 'Blockchain: Bản Chất Của Blockchain, Bitcoin, Tiền Điện Tử, Hợp Đồng Thông Minh Và Tương Lai Của Tiền Tệ', 'Mark Gates', '    2017', 88, 'book88.jpg', '  																							  																						Tiền điện tử, với đại diện tiêu biểu nhất là Bitcoin, đang là mối quan tâm hàng đầu của giới tài chính toàn cầu. Khả năng thanh toán bằng tiền điện tử mở ra hàng loạt tiềm năng cho thương mại và thay đổi toàn diện thói quen tiêu dùng của con người. Hạt nhân của công nghệ hứa hẹn rung chuyển thế giới này được gọi là Blockchain. Blockchain được giới công nghệ đánh giá là phát kiến vĩ đại nhất sau khi mạng Internet ra đời. Ứng dụng phổ biến nhất của nó là các loại tiền điện tử nổi tiếng (Bitcoin, Ethereum, Ripple...) đang làm mưa làm gió trên thị trường. Nhưng nghịch lý là, lại rất ít người nắm được bản chất của tiền điện tử và Blockchain. Rốt cuộc, Blockchain là gì? Nó hoạt động như thế nào? Blockchain thật sự là một đột phá trong công nghệ hay chỉ là một trào lưu nhất thời? Blockchain có liên hệ như thế nào với Bitcoin? Liệu Blockchain có nắm giữ tiềm năng thay đổi thế giới?... Thực chất, những bài viết cung cấp thông tin về Blockchain và tiền điện tử không thiếu trên các website hay mạng xã hội, nhưng lại chưa đủ tính bao quát và còn khó tiếp thu. Đó là lý do cuốn sách “BLOCKCHAIN: Bản chất của Blockchain, Bitcoin, tiền điện tử, hợp đồng thông minh và tương lai của tiền tệ” của Mark Gates ra đời. Gates cung cấp một bản tóm lược dễ hiểu nhất, cung cấp nền tảng thiết yếu cho những người mới bắt đầu và cả những ai muốn nghiên cứu sâu hơn về công nghệ Blockchain và tiền điện tử. Đọc cuốn sách này, bạn sẽ hiểu được Blockchain dưới nhiều khía cạnh, trong đó không chỉ có những lời ngợi khen mà còn không thiếu các chỉ trích, bình luận trái chiều.\r\nMời bạn đón đọc.                                                  										', 'bc'),
(91, 'Chạm tới giấc mơ', 'Sơn Tùng MTP', '2018', 55, 'sontung.jpg', 'Sơn Tùng cho hay anh đã ấp ủ viết tự truyện này từ rất lâu với mục đích truyền cảm hứng đến giới trẻ, khuyến khích các bạn dám nghĩ, dám làm để theo đuổi ước mơ của mình. \r\n\r\nVà anh cùng ekip đã mất hơn 6 tháng để chuẩn bị cho cuốn tự truyện Chạm tới giấc mơ được ra mắt người hâm mộ.\r\n\r\n\"5 năm bước chân vào con đường nghệ thuật, không dài nhưng cũng đủ để Tùng nếm trải những cung bậc cảm xúc để theo đuổi giấc mơ nghệ thuật. \r\n\r\nTừ bé, Tùng đã có một niềm đam mê âm nhạc nhưng để có thể theo đuổi niềm đam mê đó, Tùng phải cố gắng rất nhiều.\r\n\r\n Và rồi khi ở ngưỡng cửa 18, Tùng phải đấu tranh rất nhiều để theo đuổi con đường nghệ thuật, một mình vào Sài Gòn với nhiều nỗi lo. \r\nSau cùng, Tùng nghĩ mỗi người chỉ có một tuổi trẻ để sống và theo đuổi ước mơ nên cứ dấn thân, khó khăn sẽ khiến bản thân trưởng thành hơn. \r\n\r\nTùng từng trải qua giai đoạn ấy nên Tùng hiểu cảm giác của các bạn trẻ. \r\n\r\nVì vậy, Tùng hi vọng thông qua câu chuyện về hành trình Chạm tới giấc mơ của mình cũng sẽ giúp các bạn trẻ có thêm động lực và theo đuổi ước mơ\", Sơn Tùng M-TP nói về lý do thực hiện cuốn tự truyện Chạm tới giấc mơ.', 'ttds');

-- --------------------------------------------------------

--
-- Table structure for table `cart`
--

CREATE TABLE `cart` (
  `id_cart` int(11) NOT NULL,
  `id_cus` int(11) DEFAULT NULL,
  `id_book` int(11) DEFAULT NULL,
  `qty` int(11) DEFAULT NULL,
  `subtotal` double DEFAULT NULL
) ENGINE=InnoDB DEFAULT CHARSET=utf8 COLLATE=utf8_unicode_ci;

--
-- Dumping data for table `cart`
--

INSERT INTO `cart` (`id_cart`, `id_cus`, `id_book`, `qty`, `subtotal`) VALUES
(1, 1, 31, 0, 0);

-- --------------------------------------------------------

--
-- Table structure for table `customer`
--

CREATE TABLE `customer` (
  `id_cus` int(11) NOT NULL,
  `username` varchar(50) COLLATE utf8_unicode_ci DEFAULT NULL,
  `password` varchar(50) COLLATE utf8_unicode_ci DEFAULT NULL,
  `name` varchar(50) COLLATE utf8_unicode_ci DEFAULT NULL,
  `birthday` date DEFAULT NULL,
  `address` varchar(50) COLLATE utf8_unicode_ci DEFAULT NULL,
  `phone_number` varchar(20) COLLATE utf8_unicode_ci DEFAULT NULL
) ENGINE=InnoDB DEFAULT CHARSET=utf8 COLLATE=utf8_unicode_ci;

--
-- Dumping data for table `customer`
--

INSERT INTO `customer` (`id_cus`, `username`, `password`, `name`, `birthday`, `address`, `phone_number`) VALUES
(1, 'h0aday_nd', '84608c6a5cbe1cb47d18dcee88d41555', 'Đào Duy Hòa', '1997-07-12', 'Nam Dinh', '0917437240'),
(3, 'tuanvu', 'e10adc3949ba59abbe56e057f20f883e', 'Vũ Đức Anh Tuấn', '1997-08-23', 'Nam định', '3154644878'),
(4, 'test', 'e10adc3949ba59abbe56e057f20f883e', 'Duy Hòa', '1997-07-12', 'Nam Mỹ', '0949520017');

-- --------------------------------------------------------

--
-- Table structure for table `orders`
--

CREATE TABLE `orders` (
  `id_orders` int(11) NOT NULL,
  `id_cus` int(11) DEFAULT NULL,
  `total_money` double DEFAULT NULL,
  `time` datetime NOT NULL DEFAULT CURRENT_TIMESTAMP,
  `address` varchar(100) COLLATE utf8_unicode_ci NOT NULL,
  `phone_number` varchar(15) COLLATE utf8_unicode_ci NOT NULL,
  `status` int(11) NOT NULL
) ENGINE=InnoDB DEFAULT CHARSET=utf8 COLLATE=utf8_unicode_ci;

--
-- Dumping data for table `orders`
--

INSERT INTO `orders` (`id_orders`, `id_cus`, `total_money`, `time`, `address`, `phone_number`, `status`) VALUES
(2, 1, 3, '0000-00-00 00:00:00', 'Nam dinh', '0917437240', 1),
(4, 1, NULL, '0000-00-00 00:00:00', '59 Trần Đại Nghĩa, HBT, Hà nội', '0917437240', 1),
(5, 1, 0, '0000-00-00 00:00:00', '59 Trần Đại Nghĩa, HBT, Hà nội', '0917437240', 0),
(7, 1, 84, '0000-00-00 00:00:00', 'Nam định', '0917437240', 0),
(8, 1, 162, '2018-05-04 18:12:41', 'Hai bà trưng', '0949520017', 0),
(9, 4, 85, '2018-05-05 15:38:34', 'Hai bà trưng, hà nội', '0949520017', 1);

-- --------------------------------------------------------

--
-- Table structure for table `order_detail`
--

CREATE TABLE `order_detail` (
  `id_detail` int(11) NOT NULL,
  `id_orders` int(11) DEFAULT NULL,
  `id_book` int(11) DEFAULT NULL,
  `quantity` int(11) DEFAULT NULL
) ENGINE=InnoDB DEFAULT CHARSET=utf8 COLLATE=utf8_unicode_ci;

--
-- Dumping data for table `order_detail`
--

INSERT INTO `order_detail` (`id_detail`, `id_orders`, `id_book`, `quantity`) VALUES
(1, 4, 1, 1),
(2, 4, 2, 2),
(3, 7, 4, 1),
(4, 8, 2, 1),
(5, 8, 6, 1),
(6, 9, 91, 1);

-- --------------------------------------------------------

--
-- Table structure for table `type`
--

CREATE TABLE `type` (
  `id_type` char(5) COLLATE utf8_unicode_ci NOT NULL,
  `name` varchar(50) COLLATE utf8_unicode_ci DEFAULT NULL
) ENGINE=InnoDB DEFAULT CHARSET=utf8 COLLATE=utf8_unicode_ci;

--
-- Dumping data for table `type`
--

INSERT INTO `type` (`id_type`, `name`) VALUES
('bc', 'Sách Blockchain'),
('cn', 'Sách Chuyên Ngành'),
('gkgt', 'Sách Giáo Khoa - Giáo Trình'),
('kt', 'Sách Kinh Tế'),
('nt', 'Ngôn tình'),
('thnn', 'Sách Tin Học - Ngoại Ngữ'),
('tn', 'Sách Thiếu Nhi'),
('ttds', 'Sách Thường Thức – Đời Sống'),
('vhnn', 'Sách Văn Học Nước Ngoài'),
('vhtn', 'Sách Văn Học Trong Nước');

--
-- Indexes for dumped tables
--

--
-- Indexes for table `admin`
--
ALTER TABLE `admin`
  ADD PRIMARY KEY (`id_admin`);

--
-- Indexes for table `book`
--
ALTER TABLE `book`
  ADD PRIMARY KEY (`id_book`),
  ADD KEY `id_type` (`id_type`);

--
-- Indexes for table `cart`
--
ALTER TABLE `cart`
  ADD PRIMARY KEY (`id_cart`),
  ADD KEY `id_cus` (`id_cus`),
  ADD KEY `id_book` (`id_book`);

--
-- Indexes for table `customer`
--
ALTER TABLE `customer`
  ADD PRIMARY KEY (`id_cus`);

--
-- Indexes for table `orders`
--
ALTER TABLE `orders`
  ADD PRIMARY KEY (`id_orders`),
  ADD KEY `id_cus` (`id_cus`);

--
-- Indexes for table `order_detail`
--
ALTER TABLE `order_detail`
  ADD PRIMARY KEY (`id_detail`),
  ADD KEY `id_book` (`id_book`),
  ADD KEY `id_orders` (`id_orders`);

--
-- Indexes for table `type`
--
ALTER TABLE `type`
  ADD PRIMARY KEY (`id_type`);

--
-- AUTO_INCREMENT for dumped tables
--

--
-- AUTO_INCREMENT for table `admin`
--
ALTER TABLE `admin`
  MODIFY `id_admin` int(11) NOT NULL AUTO_INCREMENT, AUTO_INCREMENT=2;

--
-- AUTO_INCREMENT for table `book`
--
ALTER TABLE `book`
  MODIFY `id_book` int(11) NOT NULL AUTO_INCREMENT, AUTO_INCREMENT=92;

--
-- AUTO_INCREMENT for table `cart`
--
ALTER TABLE `cart`
  MODIFY `id_cart` int(11) NOT NULL AUTO_INCREMENT, AUTO_INCREMENT=2;

--
-- AUTO_INCREMENT for table `customer`
--
ALTER TABLE `customer`
  MODIFY `id_cus` int(11) NOT NULL AUTO_INCREMENT, AUTO_INCREMENT=5;

--
-- AUTO_INCREMENT for table `orders`
--
ALTER TABLE `orders`
  MODIFY `id_orders` int(11) NOT NULL AUTO_INCREMENT, AUTO_INCREMENT=10;

--
-- AUTO_INCREMENT for table `order_detail`
--
ALTER TABLE `order_detail`
  MODIFY `id_detail` int(11) NOT NULL AUTO_INCREMENT, AUTO_INCREMENT=7;

--
-- Constraints for dumped tables
--

--
-- Constraints for table `book`
--
ALTER TABLE `book`
  ADD CONSTRAINT `book_ibfk_1` FOREIGN KEY (`id_type`) REFERENCES `type` (`id_type`) ON DELETE CASCADE ON UPDATE CASCADE;

--
-- Constraints for table `cart`
--
ALTER TABLE `cart`
  ADD CONSTRAINT `cart_ibfk_1` FOREIGN KEY (`id_cus`) REFERENCES `customer` (`id_cus`),
  ADD CONSTRAINT `cart_ibfk_2` FOREIGN KEY (`id_book`) REFERENCES `book` (`id_book`);

--
-- Constraints for table `orders`
--
ALTER TABLE `orders`
  ADD CONSTRAINT `orders_ibfk_1` FOREIGN KEY (`id_cus`) REFERENCES `customer` (`id_cus`) ON DELETE CASCADE ON UPDATE CASCADE;

--
-- Constraints for table `order_detail`
--
ALTER TABLE `order_detail`
  ADD CONSTRAINT `order_detail_ibfk_1` FOREIGN KEY (`id_book`) REFERENCES `book` (`id_book`) ON DELETE CASCADE ON UPDATE CASCADE,
  ADD CONSTRAINT `order_detail_ibfk_2` FOREIGN KEY (`id_orders`) REFERENCES `orders` (`id_orders`) ON DELETE CASCADE ON UPDATE CASCADE;
COMMIT;

/*!40101 SET CHARACTER_SET_CLIENT=@OLD_CHARACTER_SET_CLIENT */;
/*!40101 SET CHARACTER_SET_RESULTS=@OLD_CHARACTER_SET_RESULTS */;
/*!40101 SET COLLATION_CONNECTION=@OLD_COLLATION_CONNECTION */;
